District code,State name,District name,Population Total,Literacy rate,name,Place,Coordinates,Area,Population
1,JAMMU AND KASHMIR,Kupwara,870354,0.505143884,"Kupwara, JAMMU AND KASHMIR","Kupwara, JK, India","34.524600982666016, 74.25959777832031",17658,49.28950051
2,JAMMU AND KASHMIR,Badgam,753745,0.445308427,"Badgam, JAMMU AND KASHMIR","Badgam, JK, India","34.018577575683594, 74.75067901611328",6552,115.0404457
3,JAMMU AND KASHMIR,Leh,133487,0.702465409,"Leh(Ladakh), JAMMU AND KASHMIR","Leh, JK, India","34.14830017089844, 77.57949829101562",1502,88.87283622
4,JAMMU AND KASHMIR,Kargil,140802,0.612462891,"Kargil, JAMMU AND KASHMIR","Kargil, JK, India","34.56012725830078, 76.12614440917969",10434,13.49453709
5,JAMMU AND KASHMIR,Punch,476835,0.548877494,"Punch, JAMMU AND KASHMIR","JK, India","33.70637130737305, 74.26580047607422",1086,439.0745856
6,JAMMU AND KASHMIR,Rajouri,642415,0.566781598,"Rajouri, JAMMU AND KASHMIR","Rajauri, JK, India","33.36880111694336, 74.31690216064453",2630,244.2642586
7,JAMMU AND KASHMIR,Kathua,616435,0.631378815,"Kathua, JAMMU AND KASHMIR","Kathua, JK, India","32.38100051879883, 75.54910278320312",1989,309.9220714
8,JAMMU AND KASHMIR,Baramula,1008039,0.540801497,"Baramula, JAMMU AND KASHMIR","Baramula, JK, India","34.20389938354492, 74.35440063476562",6992,144.1703375
9,JAMMU AND KASHMIR,Bandipore,392232,0.474155602,"Bandipore, JAMMU AND KASHMIR","Bandipura, JK, India","34.42035675048828, 74.6576156616211",2196,178.6120219
10,JAMMU AND KASHMIR,Srinagar,1236829,0.605244541,"Srinagar, JAMMU AND KASHMIR","Srinagar, JK, India","34.071746826171875, 74.8043212890625",2337,529.2379119
11,JAMMU AND KASHMIR,Ganderbal,297446,0.481687432,"Ganderbal, JAMMU AND KASHMIR","Ganderbal, JK, India","34.217201232910156, 74.77999877929688",259,1148.440154
12,JAMMU AND KASHMIR,Pulwama,560440,0.524512883,"Pulwama, JAMMU AND KASHMIR","Pulwama, JK, India","33.85710906982422, 74.9011001586914",4644,120.6804479
13,JAMMU AND KASHMIR,Shupiyan,266215,0.512743459,"Shupiyan, JAMMU AND KASHMIR","Shupiyan, JK, India","33.71920394897461, 74.83097076416016",2895,91.95682211
14,JAMMU AND KASHMIR,Anantnag,1078692,0.505734723,"Anantnag, JAMMU AND KASHMIR","Anantnag, JK, India","33.729793548583984, 75.15032958984375",3574,301.8164522
15,JAMMU AND KASHMIR,Kulgam,424483,0.492563895,"Kulgam, JAMMU AND KASHMIR","Kulgam, JK, India","33.64680099487305, 75.00700378417969",5503,77.13665273
16,JAMMU AND KASHMIR,Doda,409936,0.534432204,"Doda, JAMMU AND KASHMIR","Doda, JK, India","33.14459991455078, 75.54620361328125",3642,112.5579352
17,JAMMU AND KASHMIR,Ramban,283713,0.437290501,"Ramban, JAMMU AND KASHMIR","Ramban, JK, India","33.239498138427734, 75.2396011352539",1329,213.4785553
18,JAMMU AND KASHMIR,Kishtwar,230696,0.466007213,"Kishtwar, JAMMU AND KASHMIR","Kishtwar, JK, India","33.31119918823242, 75.76969909667969",3387,68.11219368
19,JAMMU AND KASHMIR,Udhampur,554985,0.580833716,"Udhampur, JAMMU AND KASHMIR","Udhampur, JK, India","32.924903869628906, 75.13920593261719",3582,154.9371859
20,JAMMU AND KASHMIR,Reasi,314667,0.478416866,"Reasi, JAMMU AND KASHMIR","Reasi, JK, India","33.077701568603516, 74.83170318603516",1719,183.052356
21,JAMMU AND KASHMIR,Jammu,1529958,0.743245893,"Jammu, JAMMU AND KASHMIR","Jammu, JK, India","32.705326080322266, 74.8800048828125",6227,245.6974466
22,JAMMU AND KASHMIR,Samba,318898,0.715398027,"Samba, JAMMU AND KASHMIR","Samba, JK, India","32.56209945678711, 75.11579895019531",904,352.7632743
23,HIMACHAL PRADESH,Chamba,519080,0.623876859,"Chamba, HIMACHAL PRADESH","Chamba, HP, India","32.55659866333008, 76.12470245361328",6522,79.5890831
24,HIMACHAL PRADESH,Kangra,1510075,0.763299836,"Kangra, HIMACHAL PRADESH","Kangra, HP, India","32.10150146484375, 76.2733154296875",8021,188.2651789
25,HIMACHAL PRADESH,Lahul AND Spiti,31564,0.692085921,"Lahul AND Spiti, HIMACHAL PRADESH","Lahaul and Spiti district, HP, India","32.5, 77.83300018310547",2277,13.86209925
26,HIMACHAL PRADESH,Kullu,437903,0.702603088,"Kullu, HIMACHAL PRADESH","HP, India","31.90311050415039, 77.3980712890625",2379,184.0701976
27,HIMACHAL PRADESH,Mandi,999777,0.723908432,"Mandi, HIMACHAL PRADESH","Mandi, HP, India","31.70840072631836, 76.93219757080078",5535,180.6281843
28,HIMACHAL PRADESH,Hamirpur,454768,0.787414682,"Hamirpur, HIMACHAL PRADESH","Hamirpur, HP, India","31.6864013671875, 76.52139282226562",1118,406.7692308
29,HIMACHAL PRADESH,Una,521173,0.766952624,"Una, HIMACHAL PRADESH","Una, HP, India","31.4788818359375, 76.27508544921875",4558,114.3424748
30,HIMACHAL PRADESH,Bilaspur,381956,0.753018672,"Bilaspur, HIMACHAL PRADESH","Bilaspur, HP, India","31.34119987487793, 76.76309967041016",1167,327.2973436
31,HIMACHAL PRADESH,Solan,580320,0.738520127,"Solan, HIMACHAL PRADESH","Solan, HP, India","30.910110473632812, 77.09668731689453",14895,38.96072508
32,HIMACHAL PRADESH,Sirmaur,529855,0.684423097,"Sirmaur, HIMACHAL PRADESH","Nahan, HP, India","30.56512451171875, 77.294921875",5136,103.1649143
33,HIMACHAL PRADESH,Shimla,814010,0.752622204,"Shimla, HIMACHAL PRADESH","Shimla, HP, India","31.09685707092285, 77.13426208496094",8478,96.01439019
34,HIMACHAL PRADESH,Kinnaur,84121,0.721567742,"Kinnaur, HIMACHAL PRADESH","HP, India","31.591842651367188, 78.39995574951172",1130,74.44336283
35,PUNJAB,Gurdaspur,2298323,0.711265997,"Gurdaspur, PUNJAB","Gurudaspur, PB, India","32.03048324584961, 75.40080261230469",3551,647.2326105
36,PUNJAB,Kapurthala,815168,0.707298373,"Kapurthala, PUNJAB","Kapurthala, PB, India","31.377399444580078, 75.3915023803711",1955,416.9657289
37,PUNJAB,Jalandhar,2193590,0.739671953,"Jalandhar, PUNJAB","Jalandhar, PB, India","31.555496215820312, 75.64493560791016",2899,756.671266
38,PUNJAB,Hoshiarpur,1586625,0.756132672,"Hoshiarpur, PUNJAB","Hoshiarpur, PB, India","31.524169921875, 75.90252685546875",6703,236.7037148
39,PUNJAB,Shahid Bhagat Singh Nagar,612310,0.716073558,"Shahid Bhagat Singh Nagar, PUNJAB","Nawanshahr, PB, India","31.127349853515625, 76.10929870605469",4388,139.5419325
40,PUNJAB,Fatehgarh Sahib,600163,0.709862154,"Fatehgarh Sahib, PUNJAB","Sirhind, PB, India","30.652130126953125, 76.39727020263672",1180,508.6127119
41,PUNJAB,Ludhiana,3498739,0.731756499,"Ludhiana, PUNJAB","Ludhiana, PB, India","30.900779724121094, 75.77213287353516",4536,771.32694
42,PUNJAB,Moga,995746,0.630571451,"Moga, PUNJAB","Moga, PB, India","30.817258834838867, 75.17110443115234",1786,557.5285554
43,PUNJAB,Firozpur,2029074,0.604961179,"Firozpur, PUNJAB","Firozpur, PB, India","30.940990447998047, 74.6170425415039",5305,382.4833176
44,PUNJAB,Muktsar,901896,0.581938494,"Muktsar, PUNJAB","Sri Muktsar Sahib, PB, India","30.468414306640625, 74.51753997802734",446,2022.188341
45,PUNJAB,Faridkot,617508,0.617457588,"Faridkot, PUNJAB","Faridkot, PB, India","30.676300048828125, 74.75039672851562",1458,423.5308642
46,PUNJAB,Bathinda,1388525,0.608464378,"Bathinda, PUNJAB","Bathinda, PB, India","30.212921142578125, 74.93317413330078",3098,448.2004519
47,PUNJAB,Mansa,769751,0.550255862,"Mansa, PUNJAB","Mansa, PB, India","30.000999450683594, 75.39102935791016",1713,449.3584355
48,PUNJAB,Patiala,1895686,0.668249383,"Patiala, PUNJAB","Patiala, PB, India","30.341388702392578, 76.40184020996094",3325,570.1311278
49,PUNJAB,Amritsar,2490656,0.676436248,"Amritsar, PUNJAB","Amritsar, PB, India","31.6326904296875, 74.8672103881836",2683,928.3101006
50,PUNJAB,Tarn Taran,1119627,0.594985651,"Tarn Taran, PUNJAB","Tarn Taran, PB, India","31.45574378967285, 74.92893981933594",2172,515.4820442
51,PUNJAB,Rupnagar,684627,0.734313721,"Rupnagar, PUNJAB","Rupnagar, PB, India","30.965911865234375, 76.5229721069336",1356,504.8871681
52,PUNJAB,Sahibzada Ajit Singh Nagar,994628,0.740553252,"Sahibzada Ajit Singh Nagar, PUNJAB","Sahibzada Ajit Singh Nagar, PB, India","30.680152893066406, 76.72227478027344",1094,909.166362
53,PUNJAB,Sangrur,1655169,0.60542277,"Sangrur, PUNJAB","Sangrur, PB, India","30.248600006103516, 75.83920288085938",3625,456.5983448
54,PUNJAB,Barnala,595527,0.604222814,"Barnala, PUNJAB","Barnala, PB, India","30.369810104370117, 75.54621887207031",2282,260.9671341
55,CHANDIGARH,Chandigarh,1055450,0.763122839,"Chandigarh, CHANDIGARH","Chandigarh, CH, India","30.73335075378418, 76.77903747558594",114,9258.333333
56,UTTARAKHAND,Uttarkashi,330086,0.651727126,"Uttarkashi, UTTARAKHAND","Uttarkashi, UK, India","30.729999542236328, 78.44999694824219",7546,43.74317519
57,UTTARAKHAND,Chamoli,391605,0.71642599,"Chamoli, UTTARAKHAND","Chamoli, UK, India","30.403600692749023, 79.33090209960938",8030,48.76774595
58,UTTARAKHAND,Rudraprayag,242285,0.705503849,"Rudraprayag, UTTARAKHAND","Rudraprayag, UK, India","30.28876495361328, 78.97772216796875",1984,122.1194556
59,UTTARAKHAND,Tehri Garhwal,618931,0.659191412,"Tehri Garhwal, UTTARAKHAND","Tehri, UK, India","30.436708450317383, 78.53540802001953",9558,64.75528353
60,UTTARAKHAND,Dehradun,1696694,0.742329495,"Dehradun, UTTARAKHAND","Dehra Dun, UK, India","30.31800079345703, 78.02899932861328",3088,549.4475389
61,UTTARAKHAND,Garhwal,687271,0.720078397,"Garhwal, UTTARAKHAND","Lansdowne, UK, India","29.836212158203125, 78.6868667602539",5329,128.9680991
62,UTTARAKHAND,Pithoragarh,483439,0.71477477,"Pithoragarh, UTTARAKHAND","Pithoragarh, UK, India","29.583702087402344, 80.21530151367188",7090,68.18603667
63,UTTARAKHAND,Bageshwar,259898,0.690590155,"Bageshwar, UTTARAKHAND","Bageshwar, UK, India","29.838300704956055, 79.7739028930664",1321,196.7433762
64,UTTARAKHAND,Almora,622506,0.701193242,"Almora, UTTARAKHAND","Almora, UK, India","29.61421012878418, 79.66487884521484",3144,197.9980916
65,UTTARAKHAND,Champawat,259648,0.68448823,"Champawat, UTTARAKHAND","Champawat, UK, India","29.335399627685547, 80.09089660644531",1766,147.0260476
66,UTTARAKHAND,Nainital,954605,0.729621152,"Nainital, UTTARAKHAND","Nainital, UK, India","29.38526153564453, 79.4683609008789",1052,907.4192015
67,UTTARAKHAND,Udham Singh Nagar,1648902,0.629412179,"Udham Singh Nagar, UTTARAKHAND","Udham Singh Nagar, UK, India","28.9516658782959, 79.44449615478516",2637,625.294653
68,UTTARAKHAND,Hardwar,1890422,0.623328548,"Hardwar, UTTARAKHAND","Haridwar, UK, India","29.94499969482422, 78.16300201416016",2360,801.0262712
69,HARYANA,Panchkula,561293,0.722114831,"Panchkula, HARYANA","Panchkula, HR, India","30.71048927307129, 76.8523941040039",898,625.0478842
70,HARYANA,Ambala,1128350,0.72497452,"Ambala, HARYANA","Ambala, HR, India","30.33843231201172, 76.83009338378906",1574,716.8678526
71,HARYANA,Yamunanagar,1214205,0.685598396,"Yamunanagar, HARYANA","Yamunanagar, HR, India","30.132999420166016, 77.28800201416016",1768,686.7675339
72,HARYANA,Kurukshetra,964655,0.670595187,"Kurukshetra, HARYANA","Kurukshetra, HR, India","29.965717315673828, 76.83700561523438",6040,159.7110927
73,HARYANA,Kaithal,1074304,0.601811964,"Kaithal, HARYANA","Kaithal, HR, India","29.794178009033203, 76.40199279785156",3332,322.4201681
74,HARYANA,Karnal,1505324,0.649702655,"Karnal, HARYANA","Karnal, HR, India","29.690200805664062, 77.00509643554688",11823,127.3216612
75,HARYANA,Panipat,1205437,0.652542605,"Panipat, HARYANA","Panipat, HR, India","29.39422035217285, 76.96820831298828",1268,950.6600946
76,HARYANA,Sonipat,1450001,0.688493318,"Sonipat, HARYANA","Sonipat, HR, India","28.990156173706055, 77.01557922363281",5204,278.6320138
77,HARYANA,Jind,1334152,0.62418525,"Jind, HARYANA","Jind, HR, India","29.30985450744629, 76.3143539428711",5928,225.0593792
78,HARYANA,Fatehabad,942011,0.591901793,"Fatehabad, HARYANA","Bhatu, HR, India","29.512699127197266, 75.45110321044922",2538,371.1627266
79,HARYANA,Sirsa,1295189,0.604465449,"Sirsa, HARYANA","Sirsa, HR, India","29.537302017211914, 75.03277587890625",2294,564.5985179
80,HARYANA,Hisar,1743931,0.638965074,"Hisar, HARYANA","Hisar, HR, India","29.149242401123047, 75.72257995605469",4827,361.2867205
81,HARYANA,Bhiwani,1634445,0.654577548,"Bhiwani, HARYANA","Bhiwani, HR, India","28.799522399902344, 76.12442016601562",2395,682.440501
82,HARYANA,Rohtak,1061204,0.704465871,"Rohtak, HARYANA","Rohtak, HR, India","28.890274047851562, 76.58257293701172",1745,608.1398281
83,HARYANA,Jhajjar,958405,0.705433507,"Jhajjar, HARYANA","Jhajjar, HR, India","28.603200912475586, 76.65440368652344",3600,266.2236111
84,HARYANA,Mahendragarh,922088,0.683508515,"Mahendragarh, HARYANA","Mahendragarh, HR, India","28.266399383544922, 76.15059661865234",3144,293.2849873
85,HARYANA,Rewari,900332,0.707457916,"Rewari, HARYANA","Rewari, HR, India","28.201675415039062, 76.6115493774414",1594,564.825596
86,HARYANA,Gurgaon,1514432,0.733684972,"Gurgaon, HARYANA","Gurgaon, HR, India","28.45599937438965, 77.02899932861328",1258,1203.841017
87,HARYANA,Mewat,1089263,0.417619069,"Mewat, HARYANA","Mewat district, HR, India","28.100000381469727, 77.0",2242,485.8443354
88,HARYANA,Faridabad,1809733,0.703274461,"Faridabad, HARYANA","Faridabad, HR, India","28.41488265991211, 77.3096923828125",741,2442.28475
89,HARYANA,Palwal,1042708,0.575229115,"Palwal, HARYANA","Palwal, HR, India","28.15161895751953, 77.33555603027344",1359,767.2612215
90,NCT OF DELHI,North West,3656539,0.740551379,"North West, NCT OF DELHI","DL, India","28.643388748168945, 77.115478515625",443,8254.038375
91,NCT OF DELHI,North,887978,0.767493114,"North, NCT OF DELHI","DL, India","28.643388748168945, 77.115478515625",3736,237.6814775
92,NCT OF DELHI,North East,2241624,0.718937699,"North East, NCT OF DELHI","DL, India","28.643388748168945, 77.115478515625",62,36155.22581
93,NCT OF DELHI,East,1709346,0.791529626,"East, NCT OF DELHI","DL, India","28.643388748168945, 77.115478515625",954,1791.767296
94,NCT OF DELHI,New Delhi,142004,0.804054815,"New Delhi, NCT OF DELHI","New Delhi, DL, India","28.63242530822754, 77.21878814697266",1841,77.13416621
95,NCT OF DELHI,Central,582320,0.759651051,"Central, NCT OF DELHI","DL, India","28.643388748168945, 77.115478515625",21,27729.52381
96,NCT OF DELHI,West,2543243,0.771133156,"West, NCT OF DELHI","DL, India","28.643388748168945, 77.115478515625",1166,2181.168954
97,NCT OF DELHI,South West,2292958,0.779643151,"South West, NCT OF DELHI","DL, India","28.643388748168945, 77.115478515625",13076,175.3562251
98,NCT OF DELHI,South,2731929,0.76078185,"South, NCT OF DELHI","DL, India","28.643388748168945, 77.115478515625",2672,1022.428518
99,RAJASTHAN,Ganganagar,1969168,0.606013809,"Ganganagar, RAJASTHAN","Ganganagar, RJ, India","29.931745529174805, 73.87381744384766",10978,179.3740208
100,RAJASTHAN,Hanumangarh,1774692,0.582712944,"Hanumangarh, RAJASTHAN","Hanumangarh, RJ, India","29.610933303833008, 74.29509735107422",9656,183.7916321
101,RAJASTHAN,Bikaner,2363937,0.540962386,"Bikaner, RAJASTHAN","Bikaner, RJ, India","28.010787963867188, 73.32100677490234",8272,285.7757495
102,RAJASTHAN,Churu,2039547,0.563492285,"Churu, RAJASTHAN","Churu, RJ, India","28.288122177124023, 74.96485137939453",13835,147.4193712
103,RAJASTHAN,Jhunjhunun,2137045,0.641240592,"Jhunjhunun, RAJASTHAN","Jhunjhunun, RJ, India","28.108600616455078, 75.38990020751953",2114,1010.901135
104,RAJASTHAN,Alwar,3674179,0.594003722,"Alwar, RAJASTHAN","Alwar, RJ, India","27.549779891967773, 76.63553619384766",8380,438.4461814
105,RAJASTHAN,Bharatpur,2548462,0.581083414,"Bharatpur, RAJASTHAN","Bharatpur, RJ, India","27.236221313476562, 77.4910888671875",6509,391.5289599
106,RAJASTHAN,Dhaulpur,1206516,0.566174008,"Dhaulpur, RAJASTHAN","Dhaulpur, RJ, India","26.691635131835938, 77.88142395019531",3033,397.7962413
107,RAJASTHAN,Karauli,1458248,0.552614507,"Karauli, RAJASTHAN","Karauli, RJ, India","26.495399475097656, 77.01640319824219",157,9288.203822
108,RAJASTHAN,Sawai Madhopur,1335551,0.555387252,"Sawai Madhopur, RAJASTHAN","Sawai Madhopur, RJ, India","26.017404556274414, 76.3553695678711",4498,296.921076
109,RAJASTHAN,Dausa,1634409,0.573938959,"Dausa, RAJASTHAN","Dausa, RJ, India","26.90019989013672, 76.33039855957031",3432,476.2263986
110,RAJASTHAN,Jaipur,6626178,0.649086849,"Jaipur, RAJASTHAN","Jaipur, RJ, India","26.921039581298828, 75.79435729980469",3819,1735.055774
111,RAJASTHAN,Sikar,2677333,0.61707565,"Sikar, RAJASTHAN","Sikar, RJ, India","27.649118423461914, 75.25289916992188",3774,709.4152093
112,RAJASTHAN,Nagaur,3307743,0.531668875,"Nagaur, RAJASTHAN","Nagaur, RJ, India","27.199874877929688, 73.72415924072266",4251,778.109386
113,RAJASTHAN,Jodhpur,3687165,0.550973987,"Jodhpur, RAJASTHAN","Jodhpur, RJ, India","26.283340454101562, 73.02185821533203",2702,1364.605848
114,RAJASTHAN,Jaisalmer,669919,0.46073182,"Jaisalmer, RAJASTHAN","Jaisalmer, RJ, India","26.9135799407959, 70.925537109375",11143,60.12016513
115,RAJASTHAN,Barmer,2603751,0.456388495,"Barmer, RAJASTHAN","Barmer, RJ, India","25.746091842651367, 71.39745330810547",1482,1756.917004
116,RAJASTHAN,Jalor,1828730,0.453638317,"Jalor, RAJASTHAN","Jalor, RJ, India","25.34760093688965, 72.62220001220703",7718,236.9435087
117,RAJASTHAN,Sirohi,1036346,0.460083794,"Sirohi, RAJASTHAN","Sirohi, RJ, India","24.88479995727539, 72.85350036621094",4277,242.3067571
118,RAJASTHAN,Pali,2037573,0.53283637,"Pali, RAJASTHAN","Pali, RJ, India","25.7898006439209, 73.32779693603516",12387,164.4928554
119,RAJASTHAN,Ajmer,2583052,0.591034559,"Ajmer, RAJASTHAN","Ajmer, RJ, India","26.458993911743164, 74.63642120361328",8481,304.5692725
120,RAJASTHAN,Tonk,1421326,0.527436352,"Tonk, RAJASTHAN","Tonk, RJ, India","26.15515899658203, 75.78544616699219",2536,560.4597792
121,RAJASTHAN,Bundi,1110906,0.526636817,"Bundi, RAJASTHAN","Bundi, RJ, India","25.4375, 75.64630126953125",5776,192.3313712
122,RAJASTHAN,Bhilwara,2408523,0.521533737,"Bhilwara, RAJASTHAN","Bhilwara, RJ, India","25.34493064880371, 74.63125610351562",4459,540.148688
123,RAJASTHAN,Rajsamand,1156597,0.535310916,"Rajsamand, RAJASTHAN","Rajsamand, RJ, India","25.057268142700195, 73.8851089477539",4655,248.4633727
124,RAJASTHAN,Dungarpur,1388552,0.490864584,"Dungarpur, RAJASTHAN","Dungarpur, RJ, India","23.84830093383789, 73.72149658203125",8535,162.6891623
125,RAJASTHAN,Banswara,1797485,0.461390777,"Banswara, RAJASTHAN","Banswara, RJ, India","23.547000885009766, 74.44300079345703",4402,408.3337119
126,RAJASTHAN,Chittaurgarh,1544338,0.532153583,"Chittaurgarh, RAJASTHAN","Chittorgarh, RJ, India","24.875295639038086, 74.62289428710938",7822,197.4351828
127,RAJASTHAN,Kota,1951014,0.665471903,"Kota, RAJASTHAN","Kota, RJ, India","25.0, 76.16667175292969",2206,884.4125113
128,RAJASTHAN,Baran,1222755,0.56700402,"Baran, RAJASTHAN","Baran, RJ, India","25.09589958190918, 76.50589752197266",7024,174.0824317
129,RAJASTHAN,Jhalawar,1411129,0.524255401,"Jhalawar, RAJASTHAN","Jhalawar, RJ, India","24.59000015258789, 76.16000366210938",1834,769.4269357
130,RAJASTHAN,Udaipur,3068420,0.515779782,"Udaipur, RAJASTHAN","Udaipur, RJ, India","24.579999923706055, 73.68000030517578",2012,1525.059642
131,RAJASTHAN,Pratapgarh,867848,0.462655903,"Pratapgarh, RAJASTHAN","Pratapgarh, RJ, India","24.034400939941406, 74.78040313720703",4449,195.0658575
132,UTTAR PRADESH,Saharanpur,3466382,0.599214974,"Saharanpur, UTTAR PRADESH","Saharanpur, UP, India","29.963661193847656, 77.54602813720703",3689,939.6535647
133,UTTAR PRADESH,Muzaffarnagar,4143512,0.583403403,"Muzaffarnagar, UTTAR PRADESH","Muzaffarnagar, UP, India","29.472557067871094, 77.7071304321289",6307,656.9703504
134,UTTAR PRADESH,Bijnor,3682713,0.579842361,"Bijnor, UTTAR PRADESH","Bijnor, UP, India","29.373449325561523, 78.135009765625",30239,121.7868646
135,UTTAR PRADESH,Moradabad,4772006,0.474401751,"Moradabad, UTTAR PRADESH","Moradabad, UP, India","28.83314323425293, 78.7652816772461",1551,3076.728562
136,UTTAR PRADESH,Rampur,2335819,0.446809449,"Rampur, UTTAR PRADESH","Rampur, UP, India","28.783000946044922, 79.01750183105469",2367,986.826785
137,UTTAR PRADESH,Jyotiba Phule Nagar,1840221,0.534234747,"Jyotiba Phule Nagar, UTTAR PRADESH","Amroha, UP, India","28.893070220947266, 78.47232818603516",8831,208.3819499
138,UTTAR PRADESH,Meerut,3443689,0.62185871,"Meerut, UTTAR PRADESH","Meerut, UP, India","28.979190826416016, 77.69818878173828",4405,781.7682179
139,UTTAR PRADESH,Baghpat,1303048,0.612387264,"Baghpat, UTTAR PRADESH","Baghpat, UP, India","28.944494247436523, 77.21939849853516",5237,248.8157342
140,UTTAR PRADESH,Ghaziabad,4681645,0.667129609,"Ghaziabad, UTTAR PRADESH","Ghaziabad, UP, India","28.66908073425293, 77.43041229248047",1179,3970.860899
141,UTTAR PRADESH,Gautam Buddha Nagar,1648115,0.681352333,"Gautam Buddha Nagar, UTTAR PRADESH","Gautam Buddha Nagar, UP, India","28.323486328125, 77.59649658203125",1282,1285.581123
142,UTTAR PRADESH,Bulandshahr,3499171,0.580610665,"Bulandshahr, UTTAR PRADESH","Bulandshahr, UP, India","28.409912109375, 77.8707275390625",4512,775.5254876
143,UTTAR PRADESH,Aligarh,3673889,0.569578177,"Aligarh, UTTAR PRADESH","Aligarh, UP, India","27.889892578125, 78.07452392578125",3650,1006.544932
144,UTTAR PRADESH,Mahamaya Nagar,1564708,0.602394824,"Mahamaya Nagar, UTTAR PRADESH","Basti, UP, India","26.778261184692383, 82.81013488769531",18432,84.89084201
145,UTTAR PRADESH,Mathura,2547184,0.591926614,"Mathura, UTTAR PRADESH","Mathura, UP, India","27.476318359375, 77.6934814453125",10418,244.4983682
146,UTTAR PRADESH,Agra,4418797,0.60661533,"Agra, UTTAR PRADESH","Agra, UP, India","27.167724609375, 78.035888671875",4041,1093.490968
147,UTTAR PRADESH,Firozabad,2498156,0.609171725,"Firozabad, UTTAR PRADESH","Firozabad, UP, India","27.156982421875, 78.38922882080078",2407,1037.871209
148,UTTAR PRADESH,Mainpuri,1868529,0.644295593,"Mainpuri, UTTAR PRADESH","Mainpuri, UP, India","27.218093872070312, 79.03517150878906",3733,500.5435307
149,UTTAR PRADESH,Budaun,3681896,0.420293512,"Budaun, UTTAR PRADESH","Budaun, UP, India","28.049999237060547, 79.12000274658203",1361,2705.287289
150,UTTAR PRADESH,Bareilly,4448359,0.492711807,"Bareilly, UTTAR PRADESH","Bareilly, UP, India","28.351839065551758, 79.40955352783203",5837,762.0967963
151,UTTAR PRADESH,Pilibhit,2031007,0.522447732,"Pilibhit, UTTAR PRADESH","Pilibhit, UP, India","28.6217041015625, 79.811279296875",3686,551.0056972
152,UTTAR PRADESH,Shahjahanpur,3006538,0.495895944,"Shahjahanpur, UTTAR PRADESH","Shahjahanpur, UP, India","27.77947998046875, 79.89227294921875",6195,485.3168684
153,UTTAR PRADESH,Kheri,4021243,0.505824692,"Kheri, UTTAR PRADESH","Kheri, UP, India","27.90559959411621, 80.79810333251953",2813,1429.521152
154,UTTAR PRADESH,Sitapur,4483992,0.509308001,"Sitapur, UTTAR PRADESH","Sitapur, UP, India","27.556095123291016, 80.68494415283203",4233,1059.294118
155,UTTAR PRADESH,Hardoi,4092845,0.542801157,"Hardoi, UTTAR PRADESH","Hardoi, UP, India","27.399211883544922, 80.14521789550781",5986,683.7362178
156,UTTAR PRADESH,Unnao,3108367,0.570583847,"Unnao, UTTAR PRADESH","Unnao, UP, India","26.548484802246094, 80.48432159423828",6590,471.6793627
157,UTTAR PRADESH,Lucknow,4589838,0.681344309,"Lucknow, UTTAR PRADESH","Lucknow, UP, India","26.850000381469727, 80.94999694824219",3578,1282.794298
158,UTTAR PRADESH,Rae Bareli,3405559,0.577245322,"Rae Bareli, UTTAR PRADESH","Rae Bareli, UP, India","26.24721336364746, 81.23529052734375",4609,738.8932523
159,UTTAR PRADESH,Farrukhabad,1885204,0.579606769,"Farrukhabad, UTTAR PRADESH","Farrukhabad, UP, India","27.38372802734375, 79.57232666015625",2181,864.3759743
160,UTTAR PRADESH,Kannauj,1656616,0.613954592,"Kannauj, UTTAR PRADESH","Kannauj, UP, India","27.056396484375, 79.91840362548828",5739,288.6593483
161,UTTAR PRADESH,Etawah,1581810,0.67138468,"Etawah, UTTAR PRADESH","Etawah, UP, India","26.78598976135254, 79.02055358886719",2311,684.4699264
162,UTTAR PRADESH,Auraiya,1379545,0.67474131,"Auraiya, UTTAR PRADESH","Auraiya, UP, India","26.46070098876953, 79.510498046875",2016,684.2981151
163,UTTAR PRADESH,Kanpur Dehat,1796184,0.651516214,"Kanpur Dehat, UTTAR PRADESH","Kanpur Dehat, UP, India","26.53702163696289, 79.9640884399414",2961,606.6139818
164,UTTAR PRADESH,Kanpur Nagar,4581268,0.707887423,"Kanpur Nagar, UTTAR PRADESH","Kanpur, UP, India","26.33968734741211, 80.29293823242188",3021,1516.474015
165,UTTAR PRADESH,Jalaun,1689974,0.636220439,"Jalaun, UTTAR PRADESH","Jalaun, UP, India","26.1439208984375, 79.3250732421875",2624,644.0449695
166,UTTAR PRADESH,Jhansi,1998603,0.65271242,"Jhansi, UTTAR PRADESH","Jhansi, UP, India","25.44873046875, 78.57012939453125",6219,321.3704776
167,UTTAR PRADESH,Lalitpur,1221592,0.524881466,"Lalitpur, UTTAR PRADESH","Lalitpur, UP, India","24.688133239746094, 78.39659118652344",4291,284.6870193
168,UTTAR PRADESH,Hamirpur,1104285,0.591603617,"Hamirpur, UTTAR PRADESH","Hamirpur, UP, India","25.9578857421875, 80.14990234375",4021,274.6294454
169,UTTAR PRADESH,Mahoba,875958,0.557225346,"Mahoba, UTTAR PRADESH","Mahoba, UP, India","25.291500091552734, 79.8760986328125",2760,317.376087
170,UTTAR PRADESH,Banda,1799410,0.557369916,"Banda, UTTAR PRADESH","Banda, UP, India","25.48069953918457, 80.33190155029297",345,5215.681159
171,UTTAR PRADESH,Chitrakoot,991730,0.53550059,"Chitrakoot, UTTAR PRADESH","Karwi, UP, India","25.213214874267578, 80.91514587402344",3216,308.3737562
172,UTTAR PRADESH,Fatehpur,2632733,0.574371195,"Fatehpur, UTTAR PRADESH","Fatehpur, UP, India","27.17460060119629, 81.21019744873047",4152,634.0879094
173,UTTAR PRADESH,Pratapgarh,3209141,0.601892843,"Pratapgarh, UTTAR PRADESH","Pratapgarh, UP, India","25.8974609375, 81.88225555419922",3717,863.3685768
174,UTTAR PRADESH,Kaushambi,1599596,0.508518401,"Kaushambi, UTTAR PRADESH","Ghaziabad, UP, India","28.643491744995117, 77.32044219970703",4950,323.1507071
175,UTTAR PRADESH,Allahabad,5954391,0.615634244,"Allahabad, UTTAR PRADESH","Allahabad, UP, India","25.43951416015625, 81.84930419921875",5482,1086.171288
176,UTTAR PRADESH,Bara Banki,3260699,0.519047603,"Bara Banki, UTTAR PRADESH","Nawabganj, UP, India","26.929229736328125, 81.18331146240234",4243,768.4890408
177,UTTAR PRADESH,Faizabad,2470996,0.587172541,"Faizabad, UTTAR PRADESH","Faizabad, UP, India","26.66949462890625, 82.24029541015625",2341,1055.530115
178,UTTAR PRADESH,Ambedkar Nagar,2397888,0.620103608,"Ambedkar Nagar, UTTAR PRADESH","Hardoi, UP, India","27.401517868041992, 80.13033294677734",2350,1020.377872
179,UTTAR PRADESH,Sultanpur,3797117,0.589895439,"Sultanpur, UTTAR PRADESH","Sultanpur, UP, India","26.26449966430664, 82.07279968261719",9712,390.9716845
180,UTTAR PRADESH,Bahraich,3487731,0.400939178,"Bahraich, UTTAR PRADESH","Bahraich, UP, India","27.583738327026367, 81.60444641113281",2457,1419.507937
181,UTTAR PRADESH,Shrawasti,1117361,0.378850703,"Shrawasti, UTTAR PRADESH","UP, India","27.718177795410156, 81.90364074707031",1640,681.3176829
182,UTTAR PRADESH,Balrampur,2148665,0.404137918,"Balrampur, UTTAR PRADESH","Balrampur, UP, India","27.4176025390625, 82.16959381103516",10743,200.0060505
183,UTTAR PRADESH,Gonda,3433919,0.489235186,"Gonda, UTTAR PRADESH","Gonda, UP, India","27.118732452392578, 81.97422790527344",4003,857.8363727
184,UTTAR PRADESH,Siddharthnagar,2559297,0.480181081,"Siddharthnagar, UTTAR PRADESH","UP, India","27.269794464111328, 82.87299346923828",4851,527.5813234
185,UTTAR PRADESH,Basti,2464464,0.565552185,"Basti, UTTAR PRADESH","Basti, UP, India","26.81732177734375, 82.76348876953125",3353,735.0026842
186,UTTAR PRADESH,Sant Kabir Nagar,1715183,0.556762165,"Sant Kabir Nagar, UTTAR PRADESH","Khalilabad, UP, India","26.777854919433594, 83.02792358398438",1646,1042.030984
187,UTTAR PRADESH,Mahrajganj,2684703,0.528603723,"Mahrajganj, UTTAR PRADESH","Maharajganj, UP, India","27.14544105529785, 83.52944946289062",3554,755.4032077
188,UTTAR PRADESH,Gorakhpur,4440895,0.608059411,"Gorakhpur, UTTAR PRADESH","Gorakhpur, UP, India","26.760761260986328, 83.37370300292969",3321,1337.2162
189,UTTAR PRADESH,Kushinagar,3564544,0.548406753,"Kushinagar, UTTAR PRADESH","Kasia, UP, India","26.744895935058594, 83.88990783691406",13841,257.5351492
190,UTTAR PRADESH,Deoria,3100946,0.604731266,"Deoria, UTTAR PRADESH","Deoria, UP, India","26.5772705078125, 83.83331298828125",2540,1220.844882
191,UTTAR PRADESH,Azamgarh,4613913,0.600773573,"Azamgarh, UTTAR PRADESH","Azamgarh, UP, India","26.06709861755371, 83.18377685546875",4054,1138.113715
192,UTTAR PRADESH,Mau,2205968,0.617889289,"Mau, UTTAR PRADESH","Mau, UP, India","25.974821090698242, 83.57463836669922",9699,227.4428292
193,UTTAR PRADESH,Ballia,3239774,0.606088573,"Ballia, UTTAR PRADESH","Ballia, UP, India","25.758668899536133, 84.14874267578125",3349,967.3854882
194,UTTAR PRADESH,Jaunpur,4494204,0.607822208,"Jaunpur, UTTAR PRADESH","Jaunpur, UP, India","25.754898071289062, 82.68705749511719",5838,769.8191161
195,UTTAR PRADESH,Ghazipur,3620268,0.607012796,"Ghazipur, UTTAR PRADESH","Ghazipur, UP, India","25.58344841003418, 83.56761932373047",3377,1072.036719
196,UTTAR PRADESH,Chandauli,1952756,0.601511914,"Chandauli, UTTAR PRADESH","Chandauli, UP, India","25.26099967956543, 83.25990295410156",2541,768.4990161
197,UTTAR PRADESH,Varanasi,3676841,0.653795745,"Varanasi, UTTAR PRADESH","Varanasi, UP, India","25.3096923828125, 83.00567626953125",6075,605.2413169
198,UTTAR PRADESH,Sant Ravidas Nagar (Bhadohi),1578213,0.57669402,"Sant Ravidas Nagar (Bhadohi), UTTAR PRADESH","Bhadohi, UP, India","25.39150047302246, 82.56759643554688",1015,1554.889655
199,UTTAR PRADESH,Mirzapur,2496970,0.572166666,"Mirzapur, UTTAR PRADESH","Mirzapur, UP, India","25.121509552001953, 82.56344604492188",1615,1546.111455
200,UTTAR PRADESH,Sonbhadra,1862559,0.52922243,"Sonbhadra, UTTAR PRADESH","Robertsganj, UP, India","24.682899475097656, 83.06390380859375",2122,877.7375118
201,UTTAR PRADESH,Etah,1774480,0.594654209,"Etah, UTTAR PRADESH","Etah, UP, India","27.568485260009766, 78.64682006835938",2431,729.938297
202,UTTAR PRADESH,Kanshiram Nagar,1436719,0.504517585,"Kanshiram Nagar, UTTAR PRADESH","Kasganj district, UP, India","27.81999969482422, 78.6500015258789",3155,455.3784469
203,BIHAR,Pashchim Champaran,3935042,0.447131441,"Pashchim Champaran, BIHAR","Bagaha, BR, India","27.06914520263672, 84.299072265625",5228,752.685922
204,BIHAR,Purba Champaran,5099371,0.446517227,"Purba Champaran, BIHAR","Motihari, BR, India","26.631710052490234, 84.89929962158203",3968,1285.12374
205,BIHAR,Sheohar,656246,0.432304349,"Sheohar, BIHAR","Sheohar, BR, India","26.51409912109375, 85.29570007324219",6606,99.34090221
206,BIHAR,Sitamarhi,3423574,0.41967663,"Sitamarhi, BIHAR","Sitamarhi, BR, India","26.561899185180664, 85.52259826660156",5743,596.1298973
207,BIHAR,Madhubani,4487379,0.480311113,"Madhubani, BIHAR","Madhubani, BR, India","26.348899841308594, 86.07710266113281",3710,1209.536119
208,BIHAR,Supaul,2229076,0.463547676,"Supaul, BIHAR","Supaul, BR, India","26.113100051879883, 86.59310150146484",4549,490.0145087
209,BIHAR,Araria,2811569,0.42530274,"Araria, BIHAR","Basantpur, BR, India","26.13319969177246, 87.45819854736328",2830,993.4872792
210,BIHAR,Kishanganj,1690400,0.440757217,"Kishanganj, BIHAR","Kishanganj, BR, India","26.097801208496094, 87.94860076904297",1644,1028.223844
211,BIHAR,Purnia,3264619,0.408110717,"Purnia, BIHAR","Purnia, BR, India","25.72794532775879, 87.51516723632812",3229,1011.030969
212,BIHAR,Katihar,3071029,0.416860277,"Katihar, BIHAR","Katihar, BR, India","25.54790496826172, 87.56388092041016",2502,1227.429656
213,BIHAR,Madhepura,2001762,0.416921192,"Madhepura, BIHAR","Madhepura, BR, India","25.919300079345703, 86.79029846191406",3501,571.7686375
214,BIHAR,Saharsa,1900661,0.42353476,"Saharsa, BIHAR","Saharsa, BR, India","25.852983474731445, 86.56278991699219",1687,1126.651452
215,BIHAR,Darbhanga,3937385,0.46138084,"Darbhanga, BIHAR","Darbhanga, BR, India","26.08963966369629, 85.8074722290039",2279,1727.681
216,BIHAR,Muzaffarpur,4801062,0.522641032,"Muzaffarpur, BIHAR","Muzaffarpur, BR, India","26.140886306762695, 85.35749053955078",5291,907.4016254
217,BIHAR,Gopalganj,2562012,0.539809337,"Gopalganj, BIHAR","Gopalganj, BR, India","26.464221954345703, 84.4520034790039",2033,1260.212494
218,BIHAR,Siwan,3330464,0.579551378,"Siwan, BIHAR","Siwan, BR, India","26.160295486450195, 84.41474914550781",1936,1720.280992
219,BIHAR,Saran,3951862,0.545933537,"Saran, BIHAR","BR, India","25.904361724853516, 84.82498931884766",2641,1496.350625
220,BIHAR,Vaishali,3495021,0.55128138,"Vaishali, BIHAR","Vaishali, BR, India","25.937816619873047, 85.1458969116211",3008,1161.908577
221,BIHAR,Samastipur,4261566,0.502838628,"Samastipur, BIHAR","Samastipur, BR, India","25.859800338745117, 85.7865982055664",2904,1467.481405
222,BIHAR,Begusarai,2970541,0.521343755,"Begusarai, BIHAR","Begusarai, BR, India","25.424041748046875, 86.13468170166016",13433,221.1375717
223,BIHAR,Khagaria,1666886,0.460756164,"Khagaria, BIHAR","Khagaria, BR, India","25.505699157714844, 86.46720123291016",8303,200.7570758
224,BIHAR,Bhagalpur,3037766,0.517836463,"Bhagalpur, BIHAR","Bhagalpur, BR, India","25.237844467163086, 87.0477294921875",4087,743.275263
225,BIHAR,Banka,2034763,0.474414465,"Banka, BIHAR","Banka, BR, India","24.885000228881836, 86.92430114746094",6882,295.6644871
226,BIHAR,Munger,1367765,0.586224242,"Munger, BIHAR","Munger, BR, India","25.38676643371582, 86.46588134765625",4008,341.2587325
227,BIHAR,Lakhisarai,1000912,0.506807791,"Lakhisarai, BIHAR","Lakhisarai, BR, India","25.16777992248535, 86.09443664550781",30,33363.73333
228,BIHAR,Sheikhpura,636342,0.516508418,"Sheikhpura, BIHAR","Sheikhpura, BR, India","25.133895874023438, 85.85540008544922",349,1823.329513
229,BIHAR,Nalanda,2877653,0.528184948,"Nalanda, BIHAR","Nalanda, BR, India","25.1282901763916, 85.45022583007812",14240,202.0823736
230,BIHAR,Patna,5838465,0.592566539,"Patna, BIHAR","Patna, BR, India","25.553194046020508, 85.07474517822266",3202,1823.3807
231,BIHAR,Bhojpur,2728407,0.586111603,"Bhojpur, BIHAR","BR, India","25.471660614013672, 84.5423812866211",2772,984.2738095
232,BIHAR,Buxar,1706352,0.58007199,"Buxar, BIHAR","Buxar, BR, India","25.561002731323242, 83.98069763183594",1703,1001.968291
233,BIHAR,Kaimur (Bhabua),1626384,0.565841769,"Kaimur (Bhabua), BIHAR","Bhabua, BR, India","25.03969955444336, 83.61229705810547",45674,35.60853002
234,BIHAR,Rohtas,2959918,0.608068196,"Rohtas, BIHAR","Rohtas, BR, India","24.62441635131836, 83.91790008544922",3881,762.6688998
235,BIHAR,Aurangabad,2540073,0.577149554,"Aurangabad, BIHAR","Aurangabad, BR, India","24.75300407409668, 84.3733139038086",3305,768.5546142
236,BIHAR,Gaya,4391418,0.523205261,"Gaya, BIHAR","Gaya, BR, India","24.821636199951172, 85.03539276123047",4976,882.5196945
237,BIHAR,Nawada,2219146,0.491635972,"Nawada, BIHAR","Nawada, BR, India","24.877092361450195, 85.53749084472656",3890,570.4745501
238,BIHAR,Jamui,1760405,0.487721859,"Jamui, BIHAR","Jamui, BR, India","24.929399490356445, 86.22740173339844",1811,972.0623965
239,BIHAR,Jehanabad,1125313,0.549963432,"Jehanabad, BIHAR","Jehanabad, BR, India","25.22429656982422, 84.99020385742188",4038,278.6807826
240,BIHAR,Arwal,700843,0.551266118,"Arwal, BIHAR","Arwal, BR, India","25.24374008178711, 84.66300201416016",638,1098.5
241,SIKKIM,North  District,43709,0.696652863,"North  District, SIKKIM","SK, India","27.743234634399414, 88.53214263916016",4226,10.34287743
242,SIKKIM,West District,136435,0.684809616,"West District, SIKKIM","SK, India","27.350872039794922, 88.17915344238281",3677,37.10497688
243,SIKKIM,South District,146850,0.726870957,"South District, SIKKIM","SK, India","27.278440475463867, 88.38922119140625",1887,77.82193959
244,SIKKIM,East District,283583,0.75578931,"East District, SIKKIM","East Sikkim, SK, India","27.339309692382812, 88.64765930175781",2603,108.9446792
245,ARUNACHAL PRADESH,Tawang,49977,0.521699982,"Tawang, ARUNACHAL PRADESH","Tawang, AR, India","27.57085418701172, 91.78889465332031",3642,13.72240527
246,ARUNACHAL PRADESH,West Kameng,83947,0.577650184,"West Kameng, ARUNACHAL PRADESH","Nafra, AR, India","27.381933212280273, 92.46092224121094",5247,15.99904707
247,ARUNACHAL PRADESH,East Kameng,78690,0.488613547,"East Kameng, ARUNACHAL PRADESH","East Kameng, AR, India","27.440717697143555, 92.92621612548828",2748,28.63537118
248,ARUNACHAL PRADESH,Papum Pare,176573,0.685540824,"Papum Pare, ARUNACHAL PRADESH","Papum-Pare, AR, India","27.32866859436035, 93.50557708740234",3462,51.00317735
249,ARUNACHAL PRADESH,Upper Subansiri,83448,0.542589397,"Upper Subansiri, ARUNACHAL PRADESH","Upper Subansiri, AR, India","28.08232307434082, 93.89224243164062",7161,11.65312107
250,ARUNACHAL PRADESH,West Siang,112274,0.576678483,"West Siang, ARUNACHAL PRADESH","West Siang, AR, India","27.68978500366211, 94.46290588378906",8325,13.48636637
251,ARUNACHAL PRADESH,East Siang,99214,0.630717439,"East Siang, ARUNACHAL PRADESH","AR, India","27.977121353149414, 95.37276458740234",3603,27.53649736
252,ARUNACHAL PRADESH,Upper Siang,35320,0.515147225,"Upper Siang, ARUNACHAL PRADESH","Upper Siang, AR, India","28.879722595214844, 94.7969741821289",7032,5.022753129
253,ARUNACHAL PRADESH,Changlang,148226,0.493665079,"Changlang, ARUNACHAL PRADESH","Changlang, AR, India","27.135101318359375, 95.73269653320312",4662,31.79450879
254,ARUNACHAL PRADESH,Tirap,111975,0.428434919,"Tirap, ARUNACHAL PRADESH","Tirap, AR, India","26.978174209594727, 95.46952056884766",4509,24.833666
255,ARUNACHAL PRADESH,Lower Subansiri,83030,0.651053836,"Lower Subansiri, ARUNACHAL PRADESH","Lower Subansiri, AR, India","27.676368713378906, 93.94351196289062",2528,32.84414557
256,ARUNACHAL PRADESH,Kurung Kumey,92076,0.397562883,"Kurung Kumey, ARUNACHAL PRADESH","Kurung Kumey, AR, India","28.035236358642578, 93.34025573730469",2905,31.69569707
257,ARUNACHAL PRADESH,Dibang Valley,8004,0.554222889,"Dibang Valley, ARUNACHAL PRADESH","Dibang Valley, AR, India","28.82923126220703, 95.85501861572266",9129,0.876766349
258,ARUNACHAL PRADESH,Lower Dibang Valley,54080,0.588923817,"Lower Dibang Valley, ARUNACHAL PRADESH","AR, India","28.100570678710938, 95.77632904052734",3508,15.41619156
259,ARUNACHAL PRADESH,Lohit,145726,0.569987511,"Lohit, ARUNACHAL PRADESH","Lohit, AR, India","27.913331985473633, 96.23123931884766",562,259.2989324
260,ARUNACHAL PRADESH,Anjaw,21167,0.471961071,"Anjaw, ARUNACHAL PRADESH","AR, India","27.87375259399414, 96.70304870605469",6190,3.419547658
261,NAGALAND,Mon,250260,0.478006873,"Mon, NAGALAND","NL, India","26.67267417907715, 95.01764678955078",4989,50.16235719
262,NAGALAND,Mokokchung,194622,0.819506531,"Mokokchung, NAGALAND","Mokokchung, NL, India","26.324098587036133, 94.52120208740234",3718,52.34588488
263,NAGALAND,Zunheboto,140757,0.730912139,"Zunheboto, NAGALAND","Zunheboto Sadar, NL, India","26.01533317565918, 94.5266342163086",1255,112.1569721
264,NAGALAND,Wokha,166343,0.770744786,"Wokha, NAGALAND","Wokha, NL, India","26.095502853393555, 94.25273895263672",1628,102.1762899
265,NAGALAND,Dimapur,378811,0.733972878,"Dimapur, NAGALAND","Dimapur, NL, India","25.882465362548828, 93.77437591552734",6036,62.75861498
266,NAGALAND,Phek,163418,0.647988594,"Phek, NAGALAND","Phek, NL, India","25.664499282836914, 94.46959686279297",2026,80.66041461
267,NAGALAND,Tuensang,196596,0.597728336,"Tuensang, NAGALAND","Tuensang, NL, India","26.234092712402344, 94.81153869628906",10597,18.55204303
268,NAGALAND,Longleng,50484,0.591454718,"Longleng, NAGALAND","Longleng, NL, India","26.488414764404297, 94.81487274169922",3900,12.94461538
269,NAGALAND,Kiphire,74004,0.557159072,"Kiphire, NAGALAND","Kiphire Sadar, NL, India","25.889116287231445, 94.78519439697266",1884,39.28025478
270,NAGALAND,Kohima,267988,0.736932251,"Kohima, NAGALAND","Kohima, NL, India","25.90597152709961, 93.73908996582031",3296,81.30703883
271,NAGALAND,Peren,95219,0.653272981,"Peren, NAGALAND","Peren, NL, India","25.540771484375, 93.73837280273438",1651,57.67353119
272,MANIPUR,Senapati,479148,0.551973503,"Senapati, MANIPUR","Senapati, MN, India","25.272062301635742, 94.02611541748047",3271,146.4836441
273,MANIPUR,Tamenglong,140651,0.604375369,"Tamenglong, MANIPUR","Tamenglong, MN, India","24.996713638305664, 93.480712890625",3139,44.80758203
274,MANIPUR,Churachandpur,274143,0.714718231,"Churachandpur, MANIPUR","Churachandpur, MN, India","24.346601486206055, 93.70020294189453",4570,59.98752735
275,MANIPUR,Bishnupur,237399,0.658524257,"Bishnupur, MANIPUR","Bishnupur, MN, India","24.62809944152832, 93.76270294189453",2883,82.34443288
276,MANIPUR,Thoubal,422168,0.637907184,"Thoubal, MANIPUR","Thoubal, MN, India","24.64849853515625, 93.99270629882812",3027,139.4674595
277,MANIPUR,Imphal West,517992,0.757976957,"Imphal West, MANIPUR","Imphal West, MN, India","24.798927307128906, 93.9366683959961",709,730.5952045
278,MANIPUR,Imphal East,456113,0.711806066,"Imphal East, MANIPUR","MN, India","24.731433868408203, 93.98554992675781",4356,104.7091368
279,MANIPUR,Ukhrul,183998,0.705600061,"Ukhrul, MANIPUR","Ukhrul, MN, India","25.189849853515625, 94.32588195800781",4076,45.14180569
280,MANIPUR,Chandel,144182,0.626305641,"Chandel, MANIPUR","Chandel, MN, India","24.327377319335938, 93.9925765991211",3313,43.52007244
281,MIZORAM,Mamit,86364,0.696945487,"Mamit, MIZORAM","Mamit, MZ, India","23.699857711791992, 92.48914337158203",5800,14.89034483
282,MIZORAM,Kolasib,83955,0.78488476,"Kolasib, MIZORAM","MZ, India","24.191730499267578, 92.72520446777344",7685,10.9245283
283,MIZORAM,Aizawl,400309,0.850830234,"Aizawl, MIZORAM","Aizawl, MZ, India","23.7243709564209, 92.71864318847656",3576,111.9432327
284,MIZORAM,Champhai,125745,0.801638236,"Champhai, MIZORAM","Champhai, MZ, India","23.478515625, 93.325927734375",3185,39.48037677
285,MIZORAM,Serchhip,64937,0.838905401,"Serchhip, MIZORAM","Serchhip, MZ, India","23.308300018310547, 92.85639953613281",1421,45.69809993
286,MIZORAM,Lunglei,161428,0.75031593,"Lunglei, MIZORAM","Lunglei, MZ, India","22.911895751953125, 92.75538635253906",1788,90.28411633
287,MIZORAM,Lawngtlai,117894,0.533199315,"Lawngtlai, MIZORAM","Lawngtlai, MZ, India","22.53361701965332, 92.8965072631836",45110,2.613478164
288,MIZORAM,Saiha,56574,0.746508997,"Saiha, MIZORAM","Saiha, MZ, India","22.489299774169922, 92.97689819335938",1399,40.43888492
289,TRIPURA,West Tripura,1725739,0.788852776,"West Tripura, TRIPURA","West Tripura, TR, India","23.822486877441406, 91.2872085571289",2993,576.591714
290,TRIPURA,South Tripura,876001,0.738366737,"South Tripura, TRIPURA","South Tripura, TR, India","23.365205764770508, 91.5909194946289",9960,87.95190763
291,TRIPURA,Dhalai,378230,0.730288449,"Dhalai, TRIPURA","Raishyabari, TR, India","23.48348617553711, 91.91759490966797",2400,157.5958333
292,TRIPURA,North Tripura,693947,0.74991606,"North Tripura, TRIPURA","TR, India","24.096263885498047, 92.21112823486328",2036,340.8384086
293,MEGHALAYA,West Garo Hills,643291,0.557604568,"West Garo Hills, MEGHALAYA","West Garo Hills, ML, India","25.5822811126709, 90.13068389892578",7742,83.09106174
294,MEGHALAYA,East Garo Hills,317917,0.6043936,"East Garo Hills, MEGHALAYA","East Garo Hills, ML, India","25.682811737060547, 90.5737075805664",10807,29.41769224
295,MEGHALAYA,South Garo Hills,142334,0.576545309,"South Garo Hills, MEGHALAYA","South Garo Hills, ML, India","25.298513412475586, 90.60348510742188",1966,72.39776195
296,MEGHALAYA,West Khasi Hills,383461,0.601568347,"West Khasi Hills, MEGHALAYA","Nongstoin, ML, India","25.480445861816406, 91.291015625",8025,47.78330218
297,MEGHALAYA,Ribhoi,258840,0.602144182,"Ribhoi, MEGHALAYA","Ri-Bhoi district, ML, India","25.899999618530273, 91.88300323486328",2448,105.7352941
298,MEGHALAYA,East Khasi Hills,825922,0.699860277,"East Khasi Hills, MEGHALAYA","ML, India","25.384817123413086, 91.80081176757812",7352,112.3397715
299,MEGHALAYA,Jaintia Hills,395124,0.474602909,"Jaintia Hills, MEGHALAYA","Khliehriat, ML, India","25.38981819152832, 92.39491271972656",1668,236.8848921
300,ASSAM,Kokrajhar,887142,0.551552063,"Kokrajhar, ASSAM","Kokrajhar, AS, India","26.404499053955078, 90.27310180664062",3979,222.9560191
301,ASSAM,Dhubri,1949258,0.473175434,"Dhubri, ASSAM","Dhubri, AS, India","26.0226993560791, 89.97840118408203",2176,895.7987132
302,ASSAM,Goalpara,1008183,0.559002681,"Goalpara, ASSAM","Goalpara, AS, India","26.16410255432129, 90.625",1824,552.7319079
303,ASSAM,Barpeta,1693622,0.529668368,"Barpeta, ASSAM","Barpeta, AS, India","26.329500198364258, 91.006103515625",5427,312.073337
304,ASSAM,Morigaon,957423,0.563911667,"Morigaon, ASSAM","Morigaon, AS, India","26.252803802490234, 92.34259033203125",157,6098.235669
305,ASSAM,Nagaon,2823768,0.605827391,"Nagaon, ASSAM","Nagaon, AS, India","26.352170944213867, 92.6745376586914",17718,159.3728412
306,ASSAM,Sonitpur,1924110,0.576147933,"Sonitpur, ASSAM","Golaghat, AS, India","26.27743148803711, 94.07136535644531",247,7789.919028
307,ASSAM,Lakhimpur,1042137,0.65585043,"Lakhimpur, ASSAM","North Lakhimpur, AS, India","27.23590087890625, 94.10459899902344",1228,848.6457655
308,ASSAM,Dhemaji,686133,0.616539359,"Dhemaji, ASSAM","Dhemaji, AS, India","27.482295989990234, 94.56839752197266",3237,211.965709
309,ASSAM,Tinsukia,1327929,0.601178226,"Tinsukia, ASSAM","Tinsukia, AS, India","27.480077743530273, 95.333984375",2362,562.2053345
310,ASSAM,Dibrugarh,1326335,0.666898634,"Dibrugarh, ASSAM","AS, India","27.366790771484375, 95.05319213867188",3381,392.2907424
311,ASSAM,Sivasagar,1151050,0.706750358,"Sivasagar, ASSAM","Sibsagar, AS, India","26.989301681518555, 94.63970184326172",2219,518.7246507
312,ASSAM,Jorhat,1092256,0.727786343,"Jorhat, ASSAM","Jorhat, AS, India","26.774904251098633, 94.18135833740234",22850,47.80113786
313,ASSAM,Golaghat,1066888,0.676513373,"Golaghat, ASSAM","Golaghat, AS, India","26.509397506713867, 93.96209716796875",3502,304.6510565
314,ASSAM,Karbi Anglong,956313,0.582669063,"Karbi Anglong, ASSAM","Karbi Anglong, AS, India","26.007469177246094, 93.32860565185547",5524,173.1196597
315,ASSAM,Dima Hasao,214102,0.657971434,"Dima Hasao, ASSAM","Dima Hasao, AS, India","25.178970336914062, 93.11669921875",927,230.9622438
316,ASSAM,Cachar,1736617,0.676100718,"Cachar, ASSAM","Cachar, AS, India","24.714752197265625, 92.8404312133789",3786,458.6944004
317,ASSAM,Karimganj,1228686,0.647274405,"Karimganj, ASSAM","Karimganj, AS, India","24.86020278930664, 92.37310028076172",14036,87.53818752
318,ASSAM,Hailakandi,659296,0.617880284,"Hailakandi, ASSAM","Lala, AS, India","24.684995651245117, 92.56410217285156",1327,496.8319518
319,ASSAM,Bongaigaon,738804,0.587541486,"Bongaigaon, ASSAM","Bongaigaon, AS, India","26.41375160217285, 90.58663940429688",5168,142.9574303
320,ASSAM,Chirang,482162,0.539034598,"Chirang, ASSAM","AS, India","26.525270462036133, 90.49066162109375",1923,250.7342694
321,ASSAM,Kamrup,1517542,0.655875752,"Kamrup, ASSAM","AS, India","26.354419708251953, 92.82757568359375",7920,191.6088384
322,ASSAM,Kamrup Metropolitan,1253938,0.798437403,"Kamrup Metropolitan, ASSAM","Dispur, AS, India","26.150049209594727, 91.77133178710938",3105,403.8447665
323,ASSAM,Nalbari,771639,0.689144794,"Nalbari, ASSAM","Nalbari, AS, India","26.44580078125, 91.43840026855469",3420,225.6254386
324,ASSAM,Baksa,950075,0.602938715,"Baksa, ASSAM","Baksa, AS, India","26.685110092163086, 91.34771728515625",9229,102.9445227
325,ASSAM,Darrang,928500,0.524543888,"Darrang, ASSAM","Tezpur, AS, India","26.655044555664062, 92.77245330810547",1585,585.8044164
326,ASSAM,Udalguri,831668,0.565040377,"Udalguri, ASSAM","Udalguri, AS, India","26.744400024414062, 92.09739685058594",2542,327.1707317
327,WEST BENGAL,Darjiling,1846823,0.712350344,"Darjiling, WEST BENGAL","Darjiling, WB, India","27.049999237060547, 88.26699829101562",3149,586.4791997
328,WEST BENGAL,Jalpaiguri,3872846,0.645205102,"Jalpaiguri, WEST BENGAL","Jalpaiguri, WB, India","26.521076202392578, 88.7274398803711",10640,363.9892857
329,WEST BENGAL,Koch Bihar,2819086,0.656419847,"Koch Bihar, WEST BENGAL","Koch Bihar, WB, India","26.316238403320312, 89.4525375366211",4102,687.2467089
330,WEST BENGAL,Uttar Dinajpur,3007134,0.495377659,"Uttar Dinajpur, WEST BENGAL","Raiganj, WB, India","25.76348876953125, 88.081298828125",10277,292.6081541
331,WEST BENGAL,Dakshin Dinajpur,1676276,0.646483634,"Dakshin Dinajpur, WEST BENGAL","Balurghat, WB, India","25.22896385192871, 88.7788314819336",2219,755.4195584
332,WEST BENGAL,Maldah,3988845,0.523066702,"Maldah, WEST BENGAL","Old Malda, WB, India","25.035741806030273, 88.1596908569336",3025,1318.626446
333,WEST BENGAL,Murshidabad,7103807,0.57093809,"Murshidabad, WEST BENGAL","Murshidabad, WB, India","24.17327880859375, 88.2777099609375",3172,2239.535624
334,WEST BENGAL,Birbhum,3502404,0.616275849,"Birbhum, WEST BENGAL","Sainthia, WB, India","23.95068359375, 87.680908203125",496,7061.298387
335,WEST BENGAL,Barddhaman,7717563,0.679904783,"Barddhaman, WEST BENGAL","Barddhaman, WB, India","23.232999801635742, 87.86699676513672",4120,1873.194903
336,WEST BENGAL,Nadia,5167600,0.673534136,"Nadia, WEST BENGAL","WB, India","23.4802303314209, 88.51757049560547",2569,2011.521993
337,WEST BENGAL,North Twenty Four Parganas,10009781,0.760125821,"North Twenty Four Parganas, WEST BENGAL","Habra-I, West Bengal, India","22.84597, 88.66532",4094,2444.988031
338,WEST BENGAL,Hugli,5519145,0.738952863,"Hugli, WEST BENGAL","Hugli, WB, India","23.01143455505371, 88.23809814453125",3386,1629.989663
339,WEST BENGAL,Bankura,3596674,0.620849151,"Bankura, WEST BENGAL","Bankura, WB, India","23.22247314453125, 86.989501953125",4522,795.3724016
340,WEST BENGAL,Puruliya,2930115,0.55455332,"Puruliya, WEST BENGAL","Puruliya, WB, India","23.34149169921875, 86.3720703125",6259,468.1442722
341,WEST BENGAL,Haora,4850029,0.743336999,"Haora, WEST BENGAL","Haora, WB, India","22.593534469604492, 88.31326293945312",1467,3306.086571
342,WEST BENGAL,Kolkata,4496694,0.797950005,"Kolkata, WEST BENGAL","Kolkata, WB, India","22.56557273864746, 88.3702163696289",2483,1810.992348
343,WEST BENGAL,South Twenty Four Parganas,8161961,0.67773627,"South Twenty Four Parganas, WEST BENGAL","South Dumdum, West Bengal, India","22.61517, 88.41151",421,19387.08076
344,WEST BENGAL,Paschim Medinipur,5913457,0.689683209,"Paschim Medinipur, WEST BENGAL","Jamuria, WB, India","23.66168212890625, 87.177490234375",9368,631.2400726
345,WEST BENGAL,Purba Medinipur,5095875,0.76987642,"Purba Medinipur, WEST BENGAL","Ramnagar-I, WB, India","21.628938674926758, 87.51787567138672",4713,1081.238065
346,JHARKHAND,Garhwa,1322784,0.494015652,"Garhwa, JHARKHAND","Garhwa, JH, India","24.165098190307617, 83.80989837646484",4093,323.1820181
347,JHARKHAND,Chatra,1042886,0.489086055,"Chatra, JHARKHAND","Chatra, JH, India","24.206199645996094, 84.87129974365234",3718,280.4965035
348,JHARKHAND,Kodarma,716259,0.544843416,"Kodarma, JHARKHAND","Kodarma, JH, India","24.467695236206055, 85.59519958496094",1463,489.582365
349,JHARKHAND,Giridih,2445474,0.512569342,"Giridih, JHARKHAND","Giridih, JH, India","24.186309814453125, 86.30411529541016",4962,492.8403869
350,JHARKHAND,Deoghar,1492073,0.531835909,"Deoghar, JHARKHAND","Deoghar, JH, India","24.491533279418945, 86.69125366210938",2477,602.3710133
351,JHARKHAND,Godda,1313551,0.46021738,"Godda, JHARKHAND","Godda, JH, India","24.829099655151367, 87.21410369873047",2266,579.6782877
352,JHARKHAND,Sahibganj,1150567,0.420021607,"Sahibganj, JHARKHAND","Sahibganj, JH, India","25.241199493408203, 87.6344985961914",2063,557.7154629
353,JHARKHAND,Pakur,900422,0.39190624,"Pakur, JHARKHAND","Pakur, JH, India","24.63739013671875, 87.85579681396484",1811,497.1960243
354,JHARKHAND,Dhanbad,2684487,0.641539333,"Dhanbad, JHARKHAND","Dhanbad, JH, India","23.794042587280273, 86.4261703491211",2040,1315.925
355,JHARKHAND,Bokaro,2062330,0.617515141,"Bokaro, JHARKHAND","Bokro, JH, India","23.779985427856445, 85.96932220458984",1093,1886.852699
356,JHARKHAND,Lohardaga,461790,0.562391996,"Lohardaga, JHARKHAND","Lohardaga, JH, India","23.429500579833984, 84.68190002441406",5212,88.60130468
357,JHARKHAND,Purbi Singhbhum,2293919,0.65725904,"Purbi Singhbhum, JHARKHAND","JH, India","22.586000442504883, 86.47899627685547",3562,643.9974733
358,JHARKHAND,Palamu,1939869,0.528160922,"Palamu, JHARKHAND","Nawadih, JH, India","23.831106185913086, 85.95751953125",4393,441.5818347
359,JHARKHAND,Latehar,726978,0.482383236,"Latehar, JHARKHAND","Latehar, JH, India","23.744800567626953, 84.50759887695312",7157,101.5757999
360,JHARKHAND,Hazaribagh,1734495,0.584175221,"Hazaribagh, JHARKHAND","Hazaribag, JH, India","23.994413375854492, 85.37286376953125",4823,359.6298984
361,JHARKHAND,Ramgarh,949443,0.628259938,"Ramgarh, JHARKHAND","Ramgarh, JH, India","23.627676010131836, 85.510498046875",1341,708.0111857
362,JHARKHAND,Dumka,1321442,0.508844883,"Dumka, JHARKHAND","Dumka, JH, India","24.265243530273438, 87.25019073486328",3770,350.5151194
363,JHARKHAND,Jamtara,791042,0.538924608,"Jamtara, JHARKHAND","Jamtara, JH, India","23.95985221862793, 86.80683135986328",14184,55.77002256
364,JHARKHAND,Ranchi,2914253,0.655891235,"Ranchi, JHARKHAND","Ranchi, JH, India","23.324499130249023, 85.19090270996094",5097,571.7584854
365,JHARKHAND,Khunti,531885,0.535031069,"Khunti, JHARKHAND","Khunti, JH, India","23.075899124145508, 85.2791976928711",6401,83.09404781
366,JHARKHAND,Gumla,1025213,0.545954841,"Gumla, JHARKHAND","Gumla, JH, India","23.041099548339844, 84.54399871826172",5360,191.2710821
367,JHARKHAND,Simdega,599578,0.572874588,"Simdega, JHARKHAND","Simdega, JH, India","22.612699508666992, 84.50150299072266",5207,115.148454
368,JHARKHAND,Pashchimi Singhbhum,1502338,0.484285826,"Pashchimi Singhbhum, JHARKHAND","JH, India","22.42060089111328, 85.5184097290039",7224,207.9648394
369,JHARKHAND,Saraikela-Kharsawan,1065056,0.575550018,"Saraikela-Kharsawan, JHARKHAND","Raj Nagar, JH, India","22.565067291259766, 85.88109588623047",2657,400.8490779
370,ORISSA,Bargarh,1481255,0.664155058,"Bargarh, ORISSA","Bargarh, OR, India","21.332700729370117, 83.64330291748047",28387,52.18075175
371,ORISSA,Jharsuguda,579505,0.700389125,"Jharsuguda, ORISSA","Jharsuguda, OR, India","21.861499786376953, 84.0176010131836",5024,115.3473328
372,ORISSA,Sambalpur,1041099,0.675911705,"Sambalpur, ORISSA","Sambalpur, OR, India","21.459423065185547, 83.97433471679688",6624,157.1707428
373,ORISSA,Debagarh,312520,0.632980289,"Debagarh, ORISSA","Deogarh, OR, India","21.47264289855957, 84.78175354003906",2940,106.2993197
374,ORISSA,Sundargarh,2093437,0.64120487,"Sundargarh, ORISSA","Sundargarh, OR, India","22.119800567626953, 84.03739929199219",2425,863.2729897
375,ORISSA,Kendujhar,1801733,0.584169797,"Kendujhar, ORISSA","Kendujhar, OR, India","21.639699935913086, 85.60549926757812",2644,681.4421331
376,ORISSA,Mayurbhanj,2519738,0.543468011,"Mayurbhanj, ORISSA","OR, India","21.8956298828125, 86.4101791381836",2559,984.657288
377,ORISSA,Baleshwar,2320529,0.698647593,"Baleshwar, ORISSA","Baleshwar, OR, India","21.501358032226562, 86.92394256591797",2981,778.4397853
378,ORISSA,Bhadrak,1506337,0.726358046,"Bhadrak, ORISSA","Bhadrak, OR, India","21.057600021362305, 86.49620056152344",2569,586.3514986
379,ORISSA,Kendrapara,1440361,0.756244441,"Kendrapara, ORISSA","Kendrapara, OR, India","20.515899658203125, 86.39798736572266",1779,809.6464306
380,ORISSA,Jagatsinghapur,1136971,0.781925836,"Jagatsinghapur, ORISSA","Jagatsinghapur, OR, India","20.252702713012695, 86.1791000366211",5211,218.1867204
381,ORISSA,Cuttack,2624470,0.76642865,"Cuttack, ORISSA","Cuttack, OR, India","20.4657039642334, 85.90019226074219",3932,667.4643947
382,ORISSA,Jajapur,1827192,0.706250356,"Jajapur, ORISSA","Jajpur, OR, India","20.849899291992188, 86.33719635009766",38401,47.58188589
383,ORISSA,Dhenkanal,1192811,0.695759848,"Dhenkanal, ORISSA","Dhenkanal, OR, India","20.66290283203125, 85.597900390625",4452,267.9269991
384,ORISSA,Anugul,1273821,0.682557439,"Anugul, ORISSA","Angul, OR, India","20.764623641967773, 85.10859680175781",6375,199.8150588
385,ORISSA,Nayagarh,962789,0.714966623,"Nayagarh, ORISSA","Nayagarh, OR, India","20.12689971923828, 85.10469818115234",4256,226.2192199
386,ORISSA,Khordha,2251673,0.777171463,"Khordha, ORISSA","Khurda, OR, India","20.18630027770996, 85.62259674072266",2535,888.233925
387,ORISSA,Puri,1698730,0.76053228,"Puri, ORISSA","Puri, OR, India","19.80044174194336, 85.82675170898438",3479,488.2811153
388,ORISSA,Ganjam,3529031,0.626248395,"Ganjam, ORISSA","Ganjam, OR, India","19.388200759887695, 85.04900360107422",8206,430.0549598
389,ORISSA,Gajapati,577817,0.454360117,"Gajapati, ORISSA","Gajapati, OR, India","19.197940826416016, 84.12166595458984",4325,133.5993064
390,ORISSA,Kandhamal,733110,0.545328805,"Kandhamal, ORISSA","Kandhamal, OR, India","20.108064651489258, 84.04166412353516",4483,163.5311176
391,ORISSA,Baudh,441162,0.615674061,"Baudh, ORISSA","Boudh, OR, India","20.844446182250977, 84.30723571777344",1918,230.0114703
392,ORISSA,Subarnapur,610183,0.652953294,"Subarnapur, ORISSA","Sonepur, OR, India","20.847501754760742, 83.89399719238281",4436,137.5525248
393,ORISSA,Balangir,1648997,0.562317579,"Balangir, ORISSA","Balangir, OR, India","20.701400756835938, 83.48519897460938",3806,433.2624803
394,ORISSA,Nuapada,610382,0.490484647,"Nuapada, ORISSA","Nuapada, OR, India","20.807777404785156, 82.53410339355469",3852,158.4584631
395,ORISSA,Kalahandi,1576869,0.508625637,"Kalahandi, ORISSA","OR, India","19.86823844909668, 83.10707092285156",2317,680.5649547
396,ORISSA,Rayagada,967911,0.421252574,"Rayagada, ORISSA","Rayagada, OR, India","19.175399780273438, 83.41089630126953",7073,136.8458928
397,ORISSA,Nabarangapur,1220946,0.385257825,"Nabarangapur, ORISSA","Nabarangpur, OR, India","19.230398178100586, 82.54985046386719",3973,307.3108482
398,ORISSA,Koraput,1379647,0.411764749,"Koraput, ORISSA","Koraput, OR, India","18.813199996948242, 82.71260070800781",6598,209.1007881
399,ORISSA,Malkangiri,613192,0.399069133,"Malkangiri, ORISSA","Malkangiri, OR, India","18.36426544189453, 81.89305877685547",3950,155.238481
400,CHHATTISGARH,Koriya,658917,0.603752825,"Koriya, CHHATTISGARH","CT, India","23.46903419494629, 82.23551940917969",5217,126.3018976
401,CHHATTISGARH,Surguja,2359886,0.503389147,"Surguja, CHHATTISGARH","Pratappur, CT, India","23.411640167236328, 83.2884292602539",4391,537.4370303
402,CHHATTISGARH,Jashpur,851669,0.581698993,"Jashpur, CHHATTISGARH","Jashpur, CT, India","22.877300262451172, 84.13719940185547",3853,221.0404879
403,CHHATTISGARH,Raigarh,1493984,0.636980717,"Raigarh, CHHATTISGARH","Raigarh, CT, India","21.894290924072266, 83.39427185058594",7086,210.8360147
404,CHHATTISGARH,Korba,1206640,0.620532222,"Korba, CHHATTISGARH","Korba, CT, India","22.335304260253906, 82.71458435058594",6604,182.713507
405,CHHATTISGARH,Janjgir - Champa,1619707,0.629517561,"Janjgir - Champa, CHHATTISGARH","Janjgir-Champa, CT, India","21.989501953125, 82.52752685546875",3098,522.8234345
406,CHHATTISGARH,Bilaspur,2663629,0.599392783,"Bilaspur, CHHATTISGARH","Bilaspur, CT, India","22.05727767944336, 82.17095184326172",4545,586.0569857
407,CHHATTISGARH,Kabeerdham,822526,0.503530587,"Kabeerdham, CHHATTISGARH","Kabirdham, CT, India","22.0067138671875, 81.23809814453125",2249,365.7296576
408,CHHATTISGARH,Rajnandgaon,1537133,0.65601285,"Rajnandgaon, CHHATTISGARH","Raj Nandgaon, CT, India","21.100000381469727, 81.02999877929688",8070,190.474969
409,CHHATTISGARH,Durg,3343872,0.688835577,"Durg, CHHATTISGARH","Durg, CT, India","21.199562072753906, 81.28900909423828",63,53077.33333
410,CHHATTISGARH,Raipur,4063872,0.647104289,"Raipur, CHHATTISGARH","Raipur, CT, India","21.245515823364258, 81.64205169677734",12383,328.1815392
411,CHHATTISGARH,Mahasamund,1032754,0.617729876,"Mahasamund, CHHATTISGARH","Mahasamund, CT, India","21.11328125, 82.10430908203125",9,114750.4444
412,CHHATTISGARH,Dhamtari,799781,0.683728421,"Dhamtari, CHHATTISGARH","Dhamtari, CT, India","20.71489906311035, 81.5509033203125",4084,195.832762
413,CHHATTISGARH,Uttar Bastar Kanker,748941,0.608915789,"Uttar Bastar Kanker, CHHATTISGARH","CT, India","20.155851364135742, 81.1446762084961",3140,238.516242
414,CHHATTISGARH,Bastar,1413199,0.460560049,"Bastar, CHHATTISGARH","Bastar, CT, India","19.20550537109375, 81.93609619140625",2688,525.7436756
415,CHHATTISGARH,Narayanpur,139820,0.404956372,"Narayanpur, CHHATTISGARH","CT, India","19.577417373657227, 81.07044982910156",5133,27.23943113
416,CHHATTISGARH,Dakshin Bastar Dantewada,533638,0.358364659,"Dakshin Bastar Dantewada, CHHATTISGARH","CT, India","18.808229446411133, 81.3901596069336",8298,64.30923114
417,CHHATTISGARH,Bijapur,255230,0.340551659,"Bijapur, CHHATTISGARH","Bijapur, CT, India","18.805757522583008, 80.80481719970703",10498,24.31224995
418,MADHYA PRADESH,Sheopur,687861,0.476876869,"Sheopur, MADHYA PRADESH","Sheopur, MP, India","25.670799255371094, 76.70079803466797",5131,134.0598324
419,MADHYA PRADESH,Morena,1965970,0.600052391,"Morena, MADHYA PRADESH","Morena, MP, India","26.5, 78.0",2593,758.1835712
420,MADHYA PRADESH,Bhind,1703005,0.642932346,"Bhind, MADHYA PRADESH","Bhind, MP, India","26.585739135742188, 78.77046203613281",4778,356.426329
421,MADHYA PRADESH,Gwalior,2032036,0.667906474,"Gwalior, MADHYA PRADESH","Gwalior, MP, India","26.219999313354492, 78.16999816894531",4560,445.6219298
422,MADHYA PRADESH,Datia,786754,0.624648874,"Datia, MADHYA PRADESH","Datia, MP, India","25.657699584960938, 78.45780181884766",2902,271.1075121
423,MADHYA PRADESH,Shivpuri,1726050,0.52191188,"Shivpuri, MADHYA PRADESH","Shivpuri, MP, India","25.424009323120117, 77.65779113769531",312,5532.211538
424,MADHYA PRADESH,Tikamgarh,1445166,0.517546081,"Tikamgarh, MADHYA PRADESH","Tikamgarh, MP, India","24.743803024291992, 78.8323974609375",3790,381.3102902
425,MADHYA PRADESH,Chhatarpur,1762375,0.535092134,"Chhatarpur, MADHYA PRADESH","Chhatarpur, MP, India","24.920982360839844, 79.58390045166016",8687,202.8749856
426,MADHYA PRADESH,Panna,1016520,0.543579074,"Panna, MADHYA PRADESH","Panna, MP, India","24.704601287841797, 80.17980194091797",7135,142.4695165
427,MADHYA PRADESH,Sagar,2378458,0.649882823,"Sagar, MADHYA PRADESH","Sagar, MP, India","23.847700119018555, 78.74330139160156",10252,231.9994147
428,MADHYA PRADESH,Damoh,1264219,0.591444204,"Damoh, MADHYA PRADESH","Damoh, MP, India","23.828388214111328, 79.44405364990234",7306,173.0384615
429,MADHYA PRADESH,Satna,2228935,0.615442353,"Satna, MADHYA PRADESH","Satna, MP, India","24.600500106811523, 80.83219909667969",7502,297.1121034
430,MADHYA PRADESH,Rewa,2365106,0.609595088,"Rewa, MADHYA PRADESH","Rewa, MP, India","24.530000686645508, 81.30000305175781",6314,374.581248
431,MADHYA PRADESH,Umaria,644758,0.553187397,"Umaria, MADHYA PRADESH","Umaria, MP, India","23.525400161743164, 80.8384017944336",1540,418.674026
432,MADHYA PRADESH,Neemuch,826067,0.615971828,"Neemuch, MADHYA PRADESH","Nimach, MP, India","24.50724220275879, 74.73493194580078",35,23601.91429
433,MADHYA PRADESH,Mandsaur,1340411,0.622638131,"Mandsaur, MADHYA PRADESH","Mandsaur, MP, India","24.069772720336914, 75.07386016845703",2198,609.8321201
434,MADHYA PRADESH,Ratlam,1455069,0.567588204,"Ratlam, MADHYA PRADESH","Ratlam, MP, India","23.33144760131836, 75.03689575195312",4861,299.335322
435,MADHYA PRADESH,Ujjain,1986864,0.624597355,"Ujjain, MADHYA PRADESH","Ujjain, MP, India","23.17919158935547, 75.78424835205078",4544,437.25
436,MADHYA PRADESH,Shajapur,1512681,0.591408235,"Shajapur, MADHYA PRADESH","Shajapur, MP, India","23.424602508544922, 76.27570343017578",689,2195.473149
437,MADHYA PRADESH,Dewas,1563715,0.591775995,"Dewas, MADHYA PRADESH","Dewas, MP, India","22.972009658813477, 76.0481948852539",7020,222.7514245
438,MADHYA PRADESH,Dhar,2185793,0.492881988,"Dhar, MADHYA PRADESH","Dhar, MP, India","22.597700119018555, 75.30370330810547",8153,268.0967742
439,MADHYA PRADESH,Indore,3276697,0.704712703,"Indore, MADHYA PRADESH","Indore, MP, India","22.718673706054688, 75.855712890625",519,6313.481696
440,MADHYA PRADESH,Khargone (West Nimar),1873046,0.526540192,"Khargone (West Nimar), MADHYA PRADESH","Khargone, MP, India","21.82621192932129, 75.61418914794922",3953,473.8289906
441,MADHYA PRADESH,Barwani,1385881,0.396806075,"Barwani, MADHYA PRADESH","Barwani, MP, India","22.035400390625, 74.8998031616211",10470,132.3668577
442,MADHYA PRADESH,Rajgarh,1545814,0.520272814,"Rajgarh, MADHYA PRADESH","Rajgarh, MP, India","24.00379753112793, 76.72949981689453",6153,251.229319
443,MADHYA PRADESH,Vidisha,1458875,0.591495502,"Vidisha, MADHYA PRADESH","Vidisha, MP, India","23.523502349853516, 77.81390380859375",7194,202.7905199
444,MADHYA PRADESH,Bhopal,2371061,0.700399526,"Bhopal, MADHYA PRADESH","Bhopal, MP, India","23.1395263671875, 77.40857696533203",10693,221.7395492
445,MADHYA PRADESH,Sehore,1311332,0.595091098,"Sehore, MADHYA PRADESH","Sehore, MP, India","23.206432342529297, 77.08757019042969",6578,199.3511706
446,MADHYA PRADESH,Raisen,1331597,0.615967143,"Raisen, MADHYA PRADESH","Raisen, MP, India","23.329999923706055, 77.78410339355469",8466,157.2876211
447,MADHYA PRADESH,Betul,1575362,0.59654162,"Betul, MADHYA PRADESH","Betul, MP, India","21.89699935913086, 77.90650177001953",2505,628.8870259
448,MADHYA PRADESH,Harda,570465,0.61800461,"Harda, MADHYA PRADESH","Harda, MP, India","22.337398529052734, 77.0999984741211",3334,171.1052789
449,MADHYA PRADESH,Hoshangabad,1241350,0.653034197,"Hoshangabad, MADHYA PRADESH","Hoshangabad, MP, India","22.752033233642578, 77.73448944091797",3983,311.6620638
450,MADHYA PRADESH,Katni,1292042,0.61203351,"Katni, MADHYA PRADESH","Katni district, MP, India","23.835559844970703, 80.39417266845703",3057,422.6503108
451,MADHYA PRADESH,Jabalpur,2463289,0.713058029,"Jabalpur, MADHYA PRADESH","Jabalpur, MP, India","23.16571044921875, 79.93235778808594",3898,631.9366342
452,MADHYA PRADESH,Narsimhapur,1091854,0.658316039,"Narsimhapur, MADHYA PRADESH","Narsimhapur, MP, India","22.943099975585938, 79.2145004272461",2246,486.1326803
453,MADHYA PRADESH,Dindori,704524,0.537545918,"Dindori, MADHYA PRADESH","Dindori, MP, India","22.943506240844727, 81.07709503173828",39,18064.71795
454,MADHYA PRADESH,Mandla,1054905,0.573475337,"Mandla, MADHYA PRADESH","Mandla, MP, India","22.58660125732422, 80.356201171875",4962,212.5967352
455,MADHYA PRADESH,Chhindwara,2090922,0.618960439,"Chhindwara, MADHYA PRADESH","Chhindwara, MP, India","22.053354263305664, 78.9381332397461",11815,176.9718155
456,MADHYA PRADESH,Seoni,1379131,0.626622127,"Seoni, MADHYA PRADESH","Seoni, MP, India","22.075199127197266, 79.5457992553711",8758,157.4709979
457,MADHYA PRADESH,Balaghat,1701698,0.674398748,"Balaghat, MADHYA PRADESH","Balaghat, MP, India","21.811397552490234, 80.19950103759766",6575,258.813384
458,MADHYA PRADESH,Guna,1241519,0.526757947,"Guna, MADHYA PRADESH","Guna, MP, India","24.641130447387695, 77.31401824951172",6390,194.2909233
459,MADHYA PRADESH,Ashoknagar,845071,0.555111937,"Ashoknagar, MADHYA PRADESH","Ashoknagar, MP, India","24.57990074157715, 77.72899627685547",4674,180.8025246
460,MADHYA PRADESH,Shahdol,1066063,0.566752622,"Shahdol, MADHYA PRADESH","Shahdol, MP, India","23.316307067871094, 81.35215759277344",6205,171.8070911
461,MADHYA PRADESH,Anuppur,749237,0.582719487,"Anuppur, MADHYA PRADESH","Anuppur, MP, India","23.11518096923828, 81.70050048828125",3747,199.9564985
462,MADHYA PRADESH,Sidhi,1127033,0.533067798,"Sidhi, MADHYA PRADESH","Sidhi, MP, India","24.413002014160156, 81.8823013305664",7732,145.7621573
463,MADHYA PRADESH,Singrauli,1178273,0.496535183,"Singrauli, MADHYA PRADESH","Singrauli, MP, India","24.203588485717773, 82.66661071777344",2825,417.0877876
464,MADHYA PRADESH,Jhabua,1025048,0.343477574,"Jhabua, MADHYA PRADESH","Jhabua, MP, India","22.77379608154297, 74.59230041503906",931,1101.01826
465,MADHYA PRADESH,Alirajpur,728999,0.28772879,"Alirajpur, MADHYA PRADESH","Alirajpur, MP, India","22.303300857543945, 74.35910034179688",3182,229.1008799
466,MADHYA PRADESH,Khandwa (East Nimar),1310061,0.558458728,"Khandwa (East Nimar), MADHYA PRADESH","Khandwa, MP, India","21.832294464111328, 76.34732055664062",16029,81.73067565
467,MADHYA PRADESH,Burhanpur,757847,0.539263202,"Burhanpur, MADHYA PRADESH","Burhanpur, MP, India","21.31173324584961, 76.2261734008789",3427,221.1400642
468,GUJARAT,Kachchh,2092371,0.598516707,"Kachchh, GUJARAT","Kutch district, GJ, India","23.915000915527344, 70.36699676513672",4235,494.0663518
469,GUJARAT,Banas Kantha,3120506,0.546361071,"Banas Kantha, GUJARAT","Disa, GJ, India","24.08556365966797, 72.14422607421875",4408,707.918784
470,GUJARAT,Patan,1343734,0.623570588,"Patan, GUJARAT","Patan, GJ, India","23.853200912475586, 72.13140106201172",5792,231.9982735
471,GUJARAT,Mahesana,2035064,0.73837727,"Mahesana, GUJARAT","Mahesana, GJ, India","23.600902557373047, 72.38983154296875",2952,689.3848238
472,GUJARAT,Sabar Kantha,2428589,0.650062238,"Sabar Kantha, GUJARAT","Sabar Kantha, GJ, India","23.624496459960938, 73.19034576416016",7394,328.4540168
473,GUJARAT,Gandhinagar,1391753,0.740428797,"Gandhinagar, GUJARAT","Gandhinagar, GJ, India","23.223346710205078, 72.647705078125",2140,650.3518692
474,GUJARAT,Ahmadabad,7214225,0.753478024,"Ahmadabad, GUJARAT","Ahmedabad, GJ, India","23.014509201049805, 72.59175872802734",8107,889.8760331
475,GUJARAT,Surendranagar,1756268,0.622698814,"Surendranagar, GUJARAT","Surendranagar, GJ, India","22.735219955444336, 71.6379165649414",15732,111.6366641
476,GUJARAT,Rajkot,3804558,0.716260864,"Rajkot, GUJARAT","Rajkot, GJ, India","22.297677993774414, 70.78746032714844",11198,339.7533488
477,GUJARAT,Jamnagar,2160119,0.646507901,"Jamnagar, GUJARAT","Jamnagar, GJ, India","22.470138549804688, 70.0577163696289",2342,922.3394535
478,GUJARAT,Porbandar,585449,0.672437736,"Porbandar, GUJARAT","Porbandar, GJ, India","21.639150619506836, 69.6121597290039",2316,252.7845423
479,GUJARAT,Junagadh,2743082,0.671805655,"Junagadh, GUJARAT","Junagadh, GJ, India","21.525543212890625, 70.48360443115234",2851,962.1473167
480,GUJARAT,Amreli,1514190,0.657420139,"Amreli, GUJARAT","Amreli, GJ, India","21.60973358154297, 71.22557067871094",7397,204.7032581
481,GUJARAT,Bhavnagar,2880365,0.655213836,"Bhavnagar, GUJARAT","Bhavnagar, GJ, India","21.772798538208008, 72.15355682373047",10455,275.5011956
482,GUJARAT,Anand,2092745,0.741252757,"Anand, GUJARAT","Anand, GJ, India","22.563201904296875, 72.96028137207031",3204,653.1663546
483,GUJARAT,Kheda,2299885,0.721880877,"Kheda, GUJARAT","Kheda, GJ, India","22.748489379882812, 72.67059326171875",7680,299.4641927
484,GUJARAT,Panch Mahals,2390776,0.602651608,"Panch Mahals, GUJARAT","Godhra, GJ, India","22.77683448791504, 73.6048355102539",5231,457.0399541
485,GUJARAT,Dohad,2127086,0.473498016,"Dohad, GUJARAT","Dahod, GJ, India","22.845104217529297, 74.24996185302734",3761,565.5639458
486,GUJARAT,Vadodara,4165626,0.694512661,"Vadodara, GUJARAT","Vadodara, GJ, India","22.311195373535156, 73.1819839477539",2036,2045.985265
487,GUJARAT,Narmada,590297,0.627372323,"Narmada, GUJARAT","GJ, India","21.737018585205078, 73.64486694335938",15530,38.01010947
488,GUJARAT,Bharuch,1551019,0.720994391,"Bharuch, GUJARAT","Bharuch, GJ, India","21.706378936767578, 72.9974136352539",10034,154.5763404
489,GUJARAT,The Dangs,228291,0.617492586,"The Dangs, GUJARAT","Ahwa, GJ, India","20.789487838745117, 73.70500946044922",2565,89.00233918
490,GUJARAT,Navsari,1329672,0.753500863,"Navsari, GUJARAT","Navsari, GJ, India","20.949913024902344, 72.9195785522461",1282,1037.185647
491,GUJARAT,Valsad,1705678,0.686329424,"Valsad, GUJARAT","Valsad, GJ, India","20.60996437072754, 72.93065643310547",1535,1111.190879
492,GUJARAT,Surat,6081322,0.751713197,"Surat, GUJARAT","Surat, GJ, India","21.203508377075195, 72.83922576904297",10423,583.4521731
493,GUJARAT,Tapi,807022,0.607215169,"Tapi, GUJARAT","GJ, India","21.19148826599121, 73.62647247314453",2414,334.3090307
494,DAMAN AND DIU,Diu,52074,0.730844567,"Diu, DAMAN AND DIU","Diu, DD, India","20.734699249267578, 70.99759674072266",8912,5.843132855
495,DAMAN AND DIU,Daman,191173,0.786449969,"Daman, DAMAN AND DIU","Daman, DD, India","20.42032241821289, 72.85803985595703",72,2655.180556
496,DADRA AND NAGAR HAVELI,Dadra AND Nagar Haveli,343709,0.649473828,"Dadra AND Nagar Haveli, DADRA AND NAGAR HAVELI","Silvassa, Dadra and Nagar Haveli, India","20.21351432800293, 73.02535247802734",491,700.0183299
497,MAHARASHTRA,Nandurbar,1648295,0.549967694,"Nandurbar, MAHARASHTRA","Nandurbar, MH, India","21.372344970703125, 74.24263000488281",2817,585.1242457
498,MAHARASHTRA,Dhule,2050862,0.630913245,"Dhule, MAHARASHTRA","Dhule, MH, India","20.902902603149414, 74.77513885498047",7195,285.0398888
499,MAHARASHTRA,Jalgaon,4229917,0.683673462,"Jalgaon, MAHARASHTRA","Jalgaon, MH, India","20.960084915161133, 75.52464294433594",4565,926.5973713
500,MAHARASHTRA,Buldana,2586258,0.72687025,"Buldana, MAHARASHTRA","Buldhana, MH, India","20.536563873291016, 76.18048858642578",9661,267.7008591
501,MAHARASHTRA,Akola,1813906,0.778034253,"Akola, MAHARASHTRA","Akola, MH, India","20.705535888671875, 77.00277709960938",5676,319.5747005
502,MAHARASHTRA,Washim,1197160,0.726650573,"Washim, MAHARASHTRA","Washim, MH, India","20.10300064086914, 77.14790344238281",2130,562.0469484
503,MAHARASHTRA,Amravati,2888445,0.779614983,"Amravati, MAHARASHTRA","Amravati, MH, India","20.929718017578125, 77.75813293457031",12210,236.5638821
504,MAHARASHTRA,Wardha,1300774,0.78373184,"Wardha, MAHARASHTRA","Wardha, MH, India","20.74199867248535, 78.60649871826172",4898,265.5724786
505,MAHARASHTRA,Nagpur,4653570,0.789460135,"Nagpur, MAHARASHTRA","Nagpur, MH, India","21.152618408203125, 79.08819580078125",2355,1976.038217
506,MAHARASHTRA,Bhandara,1200334,0.749674674,"Bhandara, MAHARASHTRA","Bhandara, MH, India","21.16518783569336, 79.6527099609375",5066,236.9392025
507,MAHARASHTRA,Gondiya,1322507,0.759347966,"Gondiya, MAHARASHTRA","Gondia, MH, India","21.460460662841797, 80.1964111328125",5234,252.6761559
508,MAHARASHTRA,Gadchiroli,1072942,0.660208101,"Gadchiroli, MAHARASHTRA","Gadchiroli, MH, India","20.18842124938965, 79.99950408935547",14412,74.44782126
509,MAHARASHTRA,Chandrapur,2204307,0.716150246,"Chandrapur, MAHARASHTRA","Chandrapur, MH, India","19.96030044555664, 79.30039978027344",11443,192.6336625
510,MAHARASHTRA,Yavatmal,2772348,0.729552711,"Yavatmal, MAHARASHTRA","Yavatmal, MH, India","20.39522361755371, 78.12806701660156",13582,204.1192755
511,MAHARASHTRA,Nanded,3361292,0.651364118,"Nanded, MAHARASHTRA","Nanded, MH, India","19.159500122070312, 77.31089782714844",4653,722.392435
512,MAHARASHTRA,Hingoli,1177345,0.671632359,"Hingoli, MAHARASHTRA","Hingoli, MH, India","19.740575790405273, 77.1552505493164",3555,331.1800281
513,MAHARASHTRA,Parbhani,1836086,0.63058811,"Parbhani, MAHARASHTRA","Parbhani, MH, India","19.258630752563477, 76.77413177490234",6214,295.4757
514,MAHARASHTRA,Jalna,1959046,0.610257748,"Jalna, MAHARASHTRA","Jalna, MH, India","19.83292579650879, 75.89179992675781",11765,166.5147471
515,MAHARASHTRA,Aurangabad,3701282,0.676478312,"Aurangabad, MAHARASHTRA","Aurangabad, MH, India","19.899290084838867, 75.31949615478516",10107,366.2097556
516,MAHARASHTRA,Nashik,6107187,0.711516775,"Nashik, MAHARASHTRA","Nashik, MH, India","20.000534057617188, 73.78271484375",2494,2448.751804
517,MAHARASHTRA,Thane,11060148,0.743856321,"Thane, MAHARASHTRA","Thane, MH, India","19.226879119873047, 72.97834777832031",3411,3242.494283
518,MAHARASHTRA,Mumbai Suburban,9356962,0.809609465,"Mumbai Suburban, MAHARASHTRA","MH, India","19.135547637939453, 72.88288116455078",5324,1757.506011
519,MAHARASHTRA,Mumbai,3085411,0.813188907,"Mumbai, MAHARASHTRA","Mumbai, MH, India","18.96904754638672, 72.82118225097656",1419,2174.355884
520,MAHARASHTRA,Raigarh,2634200,0.736464202,"Raigarh, MAHARASHTRA","MH, India","18.510082244873047, 73.22233581542969",7152,368.3165548
521,MAHARASHTRA,Pune,9429408,0.760569805,"Pune, MAHARASHTRA","Pune, MH, India","18.52890396118164, 73.87435150146484",15643,602.7877006
522,MAHARASHTRA,Ahmadnagar,4543159,0.693766166,"Ahmadnagar, MAHARASHTRA","Ahmadnagar, MH, India","19.16031265258789, 74.77073669433594",17048,266.4921985
523,MAHARASHTRA,Bid,2585049,0.664787012,"Bid, MAHARASHTRA","Beed, MH, India","18.990097045898438, 75.75313568115234",5448,474.4950441
524,MAHARASHTRA,Latur,2454196,0.672591757,"Latur, MAHARASHTRA","Latur, MH, India","18.399433135986328, 76.57772827148438",2557,959.7950724
525,MAHARASHTRA,Osmanabad,1657576,0.686430064,"Osmanabad, MAHARASHTRA","Osmanabad, MH, India","18.18560028076172, 76.04170227050781",7569,218.9953759
526,MAHARASHTRA,Solapur,4317756,0.674117759,"Solapur, MAHARASHTRA","Sholapur, MH, India","17.66668701171875, 75.9052734375",6905,625.3086169
527,MAHARASHTRA,Satara,3003741,0.740974005,"Satara, MAHARASHTRA","Satara, MH, India","17.688413619995117, 74.00617980957031",10480,286.6165076
528,MAHARASHTRA,Ratnagiri,1615069,0.742625857,"Ratnagiri, MAHARASHTRA","Ratnagiri, MH, India","16.99250030517578, 73.29419708251953",8208,196.7676657
529,MAHARASHTRA,Sindhudurg,849651,0.783930108,"Sindhudurg, MAHARASHTRA","Sindhudurg district, MH, India","16.108888626098633, 73.69083404541016",5675,149.7182379
530,MAHARASHTRA,Kolhapur,3876001,0.729061989,"Kolhapur, MAHARASHTRA","Kolhapur, MH, India","16.710214614868164, 74.21077728271484",185,20951.35676
531,MAHARASHTRA,Sangli,2822143,0.72620948,"Sangli, MAHARASHTRA","Sangli, MH, India","16.819499969482422, 74.6395034790039",8572,329.2280681
532,ANDHRA PRADESH,Adilabad,2741239,0.541122828,"Adilabad, ANDHRA PRADESH","Adilabad, TG, India","19.65688133239746, 78.55181121826172",16105,170.2104315
533,ANDHRA PRADESH,Nizamabad,2551335,0.544738343,"Nizamabad, ANDHRA PRADESH","Nizamabad, TG, India","18.660863876342773, 78.09168243408203",61,41825.16393
534,ANDHRA PRADESH,Karimnagar,3776269,0.584394014,"Karimnagar, ANDHRA PRADESH","AP, India","15.755635261535645, 79.9654769897461",1809,2087.489773
535,ANDHRA PRADESH,Medak,3033288,0.539723561,"Medak, ANDHRA PRADESH","AP, India","15.755635261535645, 79.9654769897461",1507,2012.798938
536,ANDHRA PRADESH,Hyderabad,3943323,0.733430916,"Hyderabad, ANDHRA PRADESH","Hyderabad, TG, India","17.365999221801758, 78.47599792480469",3149,1252.24611
537,ANDHRA PRADESH,Rangareddy,5296741,0.667963187,"Rangareddy, ANDHRA PRADESH","AP, India","15.755635261535645, 79.9654769897461",7493,706.8918991
538,ANDHRA PRADESH,Mahbubnagar,4053028,0.478813865,"Mahbubnagar, ANDHRA PRADESH","Mahbubnagar, TG, India","16.741853713989258, 77.98580932617188",1899,2134.295945
539,ANDHRA PRADESH,Nalgonda,3488809,0.573553611,"Nalgonda, ANDHRA PRADESH","Nalgonda, TG, India","17.064674377441406, 79.27967071533203",10528,331.3838336
540,ANDHRA PRADESH,Warangal,3512576,0.587894184,"Warangal, ANDHRA PRADESH","AP, India","15.755635261535645, 79.9654769897461",6309,556.7563798
541,ANDHRA PRADESH,Khammam,2797370,0.58277382,"Khammam, ANDHRA PRADESH","Khammam, TG, India","17.231706619262695, 80.18262481689453",1486,1882.483176
542,ANDHRA PRADESH,Srikakulam,2703114,0.553206783,"Srikakulam, ANDHRA PRADESH","Srikakulam, AP, India","18.294832229614258, 83.89366149902344",1979,1365.898939
543,ANDHRA PRADESH,Vizianagaram,2344474,0.528215711,"Vizianagaram, ANDHRA PRADESH","Vizianagaram, AP, India","18.11124038696289, 83.39738464355469",12846,182.5061498
544,ANDHRA PRADESH,Visakhapatnam,4290589,0.598577258,"Visakhapatnam, ANDHRA PRADESH","Vishakhapatnam, AP, India","17.70849609375, 83.24382019042969",6539,656.1536932
545,ANDHRA PRADESH,East Godavari,5154296,0.638026415,"East Godavari, ANDHRA PRADESH","East Godavari, AP, India","16.92388916015625, 82.21356201171875",4134,1246.805999
546,ANDHRA PRADESH,West Godavari,3936966,0.673713972,"West Godavari, ANDHRA PRADESH","West Godavari, AP, India","16.809986114501953, 81.52629089355469",7422,530.4454325
547,ANDHRA PRADESH,Krishna,4517398,0.66625035,"Krishna, ANDHRA PRADESH","Krishna, AP, India","16.69171714782715, 80.77774047851562",5129,880.7560928
548,ANDHRA PRADESH,Guntur,4887813,0.60567804,"Guntur, ANDHRA PRADESH","Guntur, AP, India","16.293807983398438, 80.45467376708984",11391,429.094285
549,ANDHRA PRADESH,Prakasam,3397448,0.560548682,"Prakasam, ANDHRA PRADESH","Prakasam, AP, India","15.489291191101074, 79.61227416992188",17626,192.7520708
550,ANDHRA PRADESH,Sri Potti Sriramulu Nellore,2963557,0.618239838,"Sri Potti Sriramulu Nellore, ANDHRA PRADESH","AP, India","14.420015335083008, 79.73960876464844",5837,507.7192051
551,ANDHRA PRADESH,Y.S.R.,2882469,0.595588712,"Y.S.R., ANDHRA PRADESH","AP, India","15.755635261535645, 79.9654769897461",15359,187.6729605
552,ANDHRA PRADESH,Kurnool,4053463,0.524776222,"Kurnool, ANDHRA PRADESH","Kurnool, AP, India","15.83120346069336, 78.03617858886719",1530,2649.322222
553,ANDHRA PRADESH,Anantapur,4081148,0.566252437,"Anantapur, ANDHRA PRADESH","Anantapur, AP, India","14.681184768676758, 77.59669494628906",19130,213.3375849
554,ANDHRA PRADESH,Chittoor,4174064,0.639155988,"Chittoor, ANDHRA PRADESH","Chittoor, AP, India","13.219499588012695, 79.10330200195312",15152,275.4794087
555,KARNATAKA,Belgaum,4779661,0.638545704,"Belgaum, KARNATAKA","Belgaum, KA, India","15.852765083312988, 74.51111602783203",8461,564.9049758
556,KARNATAKA,Bagalkot,1889752,0.589184189,"Bagalkot, KARNATAKA","Bagalkot, KA, India","16.17919921875, 75.69940185546875",2241,843.2628291
557,KARNATAKA,Bijapur,2177331,0.5733019,"Bijapur, KARNATAKA","Bijapur, KA, India","16.828798294067383, 75.71778106689453",4561,477.3801798
558,KARNATAKA,Bidar,1703300,0.61214877,"Bidar, KARNATAKA","Bidar, KA, India","17.913522720336914, 77.51974487304688",8530,199.6834701
559,KARNATAKA,Raichur,1928812,0.507965006,"Raichur, KARNATAKA","Raichur, KA, India","16.20725440979004, 77.34587097167969",8442,228.4780858
560,KARNATAKA,Koppal,1389920,0.582109042,"Koppal, KARNATAKA","Koppal, KA, India","15.353899955749512, 76.14430236816406",8807,157.819916
561,KARNATAKA,Gadag,1064570,0.657708746,"Gadag, KARNATAKA","Gadag, KA, India","15.436699867248535, 75.64360046386719",4657,228.5956624
562,KARNATAKA,Dharwad,1847023,0.704736216,"Dharwad, KARNATAKA","Dharwad, KA, India","15.458492279052734, 75.0074691772461",4260,433.5734742
563,KARNATAKA,Uttara Kannada,1437169,0.752803602,"Uttara Kannada, KARNATAKA","Uttara Kannada, KA, India","14.600000381469727, 74.69999694824219",8016,179.2875499
564,KARNATAKA,Haveri,1597668,0.679392089,"Haveri, KARNATAKA","Haveri, KA, India","14.794798851013184, 75.41120147705078",1840,868.2978261
565,KARNATAKA,Bellary,2452595,0.579639525,"Bellary, KARNATAKA","Bellary, KA, India","15.100000381469727, 76.91699981689453",10043,244.2093996
566,KARNATAKA,Chitradurga,1659456,0.655270161,"Chitradurga, KARNATAKA","Chitradurga, KA, India","14.224250793457031, 76.39544677734375",8436,196.7112376
567,KARNATAKA,Davanagere,1945497,0.672599341,"Davanagere, KARNATAKA","Davangere, KA, India","14.45770263671875, 75.92198181152344",5924,328.4093518
568,KARNATAKA,Shimoga,1752753,0.720589838,"Shimoga, KARNATAKA","Shimoga, KA, India","13.932999610900879, 75.56700134277344",10066,174.126068
569,KARNATAKA,Udupi,1177361,0.786869108,"Udupi, KARNATAKA","Udipi, KA, India","13.343725204467773, 74.74664306640625",6091,193.2951896
570,KARNATAKA,Chikmagalur,1137961,0.71913273,"Chikmagalur, KARNATAKA","Chikkamagaluru, KA, India","13.314385414123535, 75.77546691894531",7202,158.0062483
571,KARNATAKA,Tumkur,2678980,0.676896057,"Tumkur, KARNATAKA","Tumkur, KA, India","13.34000015258789, 77.0999984741211",11724,228.5039236
572,KARNATAKA,Bangalore,9621551,0.780775989,"Bangalore, KARNATAKA","Bengaluru, KA, India","12.982999801635742, 77.58300018310547",2298,4186.923847
573,KARNATAKA,Mandya,1805769,0.636653415,"Mandya, KARNATAKA","Mandya, KA, India","12.52758502960205, 76.89466857910156",3340,540.6494012
574,KARNATAKA,Hassan,1776421,0.689732896,"Hassan, KARNATAKA","Hassan, KA, India","12.982400894165039, 76.11368560791016",6814,260.7016437
575,KARNATAKA,Dakshina Kannada,2089649,0.797417652,"Dakshina Kannada, KARNATAKA","Puttur, KA, India","12.76878547668457, 75.20468139648438",4861,429.8804773
576,KARNATAKA,Kodagu,554519,0.744567815,"Kodagu, KARNATAKA","Madikeri, KA, India","12.43047046661377, 75.7361068725586",2540,218.3145669
577,KARNATAKA,Mysore,3001127,0.653814384,"Mysore, KARNATAKA","Mysore, KA, India","12.308438301086426, 76.6539306640625",3927,764.2289279
578,KARNATAKA,Chamarajanagar,1020791,0.553765658,"Chamarajanagar, KARNATAKA","Chamrajnagar, KA, India","11.933799743652344, 76.93409729003906",5648,180.7349504
579,KARNATAKA,Gulbarga,2566326,0.556191224,"Gulbarga, KARNATAKA","Gulbarga, KA, India","17.329513549804688, 76.83580017089844",10954,234.2820887
580,KARNATAKA,Yadgir,1174271,0.434314566,"Yadgir, KARNATAKA","Yadgir, KA, India","16.744600296020508, 77.12969970703125",5270,222.8218216
581,KARNATAKA,Kolar,1536401,0.661428234,"Kolar, KARNATAKA","Kolar, KA, India","13.12845230102539, 78.13337707519531",1382,1111.722865
582,KARNATAKA,Chikkaballapura,1255104,0.624029562,"Chikkaballapura, KARNATAKA","Chikkaballapur, KA, India","13.43120002746582, 77.73259735107422",4244,295.736098
583,KARNATAKA,Bangalore Rural,990923,0.695058042,"Bangalore Rural, KARNATAKA","KA, India","14.710270881652832, 76.16768646240234",3020,328.1201987
584,KARNATAKA,Ramanagara,1082636,0.623254723,"Ramanagara, KARNATAKA","Ramanagar, KA, India","12.720100402832031, 77.28340148925781",3516,307.9169511
585,GOA,North Goa,818008,0.81057887,"North Goa, GOA","North Goa, GA, India","15.495638847351074, 73.9782943725586",1736,471.202765
586,GOA,South Goa,640537,0.78438404,"South Goa, GOA","Marmagao, GA, India","15.39252758026123, 73.89791870117188",3057,209.5312398
587,LAKSHADWEEP,Lakshadweep,64473,0.815116405,"Lakshadweep, LAKSHADWEEP","LD, India","11.273329734802246, 74.04582214355469",5039,12.79480056
588,KERALA,Kasaragod,1307375,0.793568792,"Kasaragod, KERALA","Kasaragod, KL, India","12.499699592590332, 74.98699951171875",2904,450.1980028
589,KERALA,Kannur,2523003,0.847574894,"Kannur, KERALA","Cannanore, KL, India","11.8607759475708, 75.41400146484375",1684,1498.220309
590,KERALA,Wayanad,817420,0.78978371,"Wayanad, KERALA","KL, India","11.714387893676758, 76.09632110595703",130,6287.846154
591,KERALA,Kozhikode,3086293,0.847438335,"Kozhikode, KERALA","Kozhikode, KL, India","11.25879955291748, 75.78074645996094",8727,353.6487911
592,KERALA,Malappuram,4112920,0.805100756,"Malappuram, KERALA","Malappuram, KL, India","11.041600227355957, 76.07969665527344",5791,710.2262131
593,KERALA,Palakkad,2809934,0.796990961,"Palakkad, KERALA","Palghat, KL, India","10.800100326538086, 76.63909912109375",4482,626.9375279
594,KERALA,Thrissur,3121200,0.858178906,"Thrissur, KERALA","Thrissur, KL, India","10.523903846740723, 76.2122573852539",5048,618.3042789
595,KERALA,Ernakulam,3282388,0.869999525,"Ernakulam, KERALA","Kanayannur, KL, India","9.972270011901855, 76.28500366210938",3063,1071.625204
596,KERALA,Idukki,1108974,0.832309865,"Idukki, KERALA","Idukki, KL, India","9.850000381469727, 76.9666976928711",217,5110.479263
597,KERALA,Kottayam,1974551,0.886175136,"Kottayam, KERALA","Kottayam, KL, India","9.591753959655762, 76.53190612792969",2345,842.0260128
598,KERALA,Alappuzha,2127789,0.870761622,"Alappuzha, KERALA","Alleppey, KL, India","9.37444019317627, 76.36580657958984",1415,1503.737809
599,KERALA,Pathanamthitta,1197412,0.887374605,"Pathanamthitta, KERALA","Pathanamthitta, KL, India","9.265603065490723, 76.78529357910156",2652,451.5128205
600,KERALA,Kollam,2635375,0.850077503,"Kollam, KERALA","Quilon, KL, India","8.8869047164917, 76.59046173095703",5570,473.1373429
601,KERALA,Thiruvananthapuram,3301427,0.843698195,"Thiruvananthapuram, KERALA","Trivandrum, KL, India","8.530240058898926, 76.9291000366211",2274,1451.814864
602,TAMIL NADU,Thiruvallur,3728104,0.748831309,"Thiruvallur, TAMIL NADU","Tiruvallur, TN, India","13.142919540405273, 79.90753173828125",2189,1703.108269
603,TAMIL NADU,Chennai,4646732,0.812673509,"Chennai, TAMIL NADU","Chennai, TN, India","13.011754989624023, 80.22148132324219",175,26552.75429
604,TAMIL NADU,Kancheepuram,3998252,0.753674856,"Kancheepuram, TAMIL NADU","Kanchipuram, TN, India","12.836136817932129, 79.70664978027344",955,4186.651309
605,TAMIL NADU,Vellore,3936331,0.704698868,"Vellore, TAMIL NADU","Vellore, TN, India","12.921469688415527, 79.13156127929688",7371,534.0294397
606,TAMIL NADU,Tiruvannamalai,2464875,0.659998174,"Tiruvannamalai, TAMIL NADU","Tiruvannamalai, TN, India","12.235238075256348, 79.078369140625",7194,342.6292744
607,TAMIL NADU,Viluppuram,3458873,0.634824118,"Viluppuram, TAMIL NADU","Villupuram, TN, India","11.944734573364258, 79.47346496582031",4241,815.5795803
608,TAMIL NADU,Salem,3482056,0.656382896,"Salem, TAMIL NADU","Salem, TN, India","11.652121543884277, 78.15797424316406",5237,664.895169
609,TAMIL NADU,Namakkal,1726601,0.681182856,"Namakkal, TAMIL NADU","Namakkal, TN, India","11.218785285949707, 78.16797637939453",5955,289.9413938
610,TAMIL NADU,Erode,2251744,0.662891519,"Erode, TAMIL NADU","Erode, TN, India","11.334826469421387, 77.72727966308594",5760,390.9277778
611,TAMIL NADU,The Nilgiris,735394,0.774614696,"The Nilgiris, TAMIL NADU","TN, India","11.455718994140625, 76.64025115966797",2868,256.4135286
612,TAMIL NADU,Dindigul,2159775,0.686105729,"Dindigul, TAMIL NADU","Dindigul, TN, India","10.36325740814209, 77.98249053955078",7470,289.126506
613,TAMIL NADU,Karur,1064493,0.682995567,"Karur, TAMIL NADU","Karur, TN, India","10.959576606750488, 78.08194732666016",2520,422.4178571
614,TAMIL NADU,Tiruchirappalli,2722290,0.74899478,"Tiruchirappalli, TAMIL NADU","Tiruchirappalli, TN, India","10.800823211669922, 78.6899185180664",6693,406.7368893
615,TAMIL NADU,Perambalur,565223,0.664911017,"Perambalur, TAMIL NADU","Perambalur, TN, India","11.234099388122559, 78.88050079345703",1756,321.8809795
616,TAMIL NADU,Ariyalur,754894,0.636650974,"Ariyalur, TAMIL NADU","Ariyalur, TN, India","11.15210247039795, 79.06939697265625",1940,389.1206186
617,TAMIL NADU,Cuddalore,2605914,0.696600502,"Cuddalore, TAMIL NADU","Cuddalore, TN, India","11.756638526916504, 79.76290130615234",3703,703.7304888
618,TAMIL NADU,Nagapattinam,1616450,0.750414798,"Nagapattinam, TAMIL NADU","Nagappattinam, TN, India","10.773176193237305, 79.84144592285156",9892,163.4098261
619,TAMIL NADU,Thiruvarur,1264277,0.74862629,"Thiruvarur, TAMIL NADU","Thiruvarur, TN, India","10.765084266662598, 79.63356018066406",4745,266.4440464
620,TAMIL NADU,Thanjavur,2405890,0.74442223,"Thanjavur, TAMIL NADU","Thanjavur, TN, India","10.783599853515625, 79.13360595703125",1766,1362.338618
621,TAMIL NADU,Pudukkottai,1618345,0.686222653,"Pudukkottai, TAMIL NADU","Pudukkottai, TN, India","10.382895469665527, 78.81549835205078",294,5504.57483
622,TAMIL NADU,Sivaganga,1339101,0.716707702,"Sivaganga, TAMIL NADU","Sivaganga, TN, India","9.854975700378418, 78.50050354003906",2668,501.911919
623,TAMIL NADU,Madurai,3038252,0.748269071,"Madurai, TAMIL NADU","Madurai, TN, India","9.92012882232666, 78.11087799072266",4790,634.2906054
624,TAMIL NADU,Theni,1245899,0.698355164,"Theni, TAMIL NADU","Theni, TN, India","10.006566047668457, 77.47931671142578",3394,367.0886859
625,TAMIL NADU,Virudhunagar,1942288,0.720175381,"Virudhunagar, TAMIL NADU","Virudhunagar, TN, India","9.593749046325684, 77.9574966430664",11161,174.0245498
626,TAMIL NADU,Ramanathapuram,1353445,0.723299432,"Ramanathapuram, TAMIL NADU","Ramanathapuram, TN, India","9.35886001586914, 78.83747100830078",4104,329.7867934
627,TAMIL NADU,Thoothukkudi,1750176,0.77117787,"Thoothukkudi, TAMIL NADU","Thoothukudi, TN, India","8.792988777160645, 78.14242553710938",514,3405.011673
628,TAMIL NADU,Tirunelveli,3077233,0.738799109,"Tirunelveli, TAMIL NADU","Tirunelveli, TN, India","8.728791236877441, 77.70458221435547",5187,593.2587237
629,TAMIL NADU,Kanniyakumari,1870374,0.828036532,"Kanniyakumari, TAMIL NADU","Agasthiswaram, TN, India","8.16178035736084, 77.43623352050781",2093,893.6330626
630,TAMIL NADU,Dharmapuri,1506843,0.609027616,"Dharmapuri, TAMIL NADU","Dharmapuri, TN, India","12.125699996948242, 78.154296875",4497,335.0773849
631,TAMIL NADU,Krishnagiri,1879809,0.631956757,"Krishnagiri, TAMIL NADU","Krishnagiri, TN, India","12.507959365844727, 78.22254943847656",410,4584.9
632,TAMIL NADU,Coimbatore,3458045,0.762253528,"Coimbatore, TAMIL NADU","Coimbatore, TN, India","11.016009330749512, 76.97030639648438",4732,730.7787405
633,TAMIL NADU,Tiruppur,2479052,0.710177116,"Tiruppur, TAMIL NADU","Tiruppur, TN, India","11.107953071594238, 77.34068298339844",6188,400.6224952
634,PONDICHERRY,Yanam,55626,0.706036745,"Yanam, PONDICHERRY","Yanam, PY, India","16.71490478515625, 82.28350830078125",30,1854.2
635,PONDICHERRY,PONDICHERRY,950289,0.764661066,"PONDICHERRY, PONDICHERRY","Puducherry, PY, India","11.93450927734375, 79.83270263671875",1674,567.6756272
636,PONDICHERRY,Mahe,41816,0.872154199,"Mahe, PONDICHERRY","Mahe, PY, India","11.7200927734375, 75.538330078125",4401,9.501476937
637,PONDICHERRY,Karaikal,200222,0.77372117,"Karaikal, PONDICHERRY","Karaikal, PY, India","10.93170166015625, 79.83551025390625",1633,122.6099204
638,ANDAMAN AND NICOBAR ISLANDS,Nicobars,36842,0.687584822,"Nicobars, ANDAMAN AND NICOBAR ISLANDS","AN, India","7.0291619300842285, 93.79431915283203",7956,4.630718954
639,ANDAMAN AND NICOBAR ISLANDS,North  AND Middle Andaman,105597,0.745125335,"North  AND Middle Andaman, ANDAMAN AND NICOBAR ISLANDS","AN, India","12.920000076293945, 92.9000015258789",4888,21.60331424
640,ANDAMAN AND NICOBAR ISLANDS,South Andaman,238142,0.798960284,"South Andaman, ANDAMAN AND NICOBAR ISLANDS","South Andaman, AN, India","11.591324806213379, 92.70773315429688",750,317.5226667